"question_type","question_text","choice_1","choice_2","choice_3","choice_4","choice_5","correct_codes","numeric_answer","numeric_tolerance","unit","topic_code","explanation_short","explanation_standard","explanation_detailed","difficulty","importance","frequency_score","source_type","source_name","source_url","copyright_holder","permission_status","status"
"single","細胞膜の静止膜電位の形成に最も関与するイオンはどれか。","ナトリウムイオン","カリウムイオン","カルシウムイオン","塩化物イオン","水素イオン","2","","0.01","","MED-ANAT","静止膜電位にはカリウムイオンの透過性が大きく関与します。","静止状態の細胞膜では、カリウムイオンに対する透過性が比較的大きく、細胞内外の濃度差によって膜電位が形成されます。ナトリウムイオンも活動電位では重要ですが、静止膜電位の基本理解ではカリウムイオンが中心です。","背景知識: 神経や筋の興奮性を理解するには、細胞膜をはさんだイオン分布と選択的透過性を押さえます。判断手順: 静止時か活動時かを確認し、静止時ならカリウム、脱分極ならナトリウムを優先して考えます。臨床工学では心電図、ペーシング、除細動の理解にもつながります。","3","4","2.0","original","CE108 original batch 1","","CE108","internal_sample","draft"
"single","肺のガス交換で酸素が血液へ移動する直接の駆動力はどれか。","浸透圧差","温度差","分圧差","pH差","心拍数差","3","","0.01","","MED-ANAT","酸素移動の直接の駆動力は分圧差です。","肺胞内の酸素分圧は静脈血より高いため、酸素は肺胞から血液へ拡散します。二酸化炭素も同様に分圧差に従って血液から肺胞へ移動します。","背景知識: ガス交換は拡散であり、分子は高い分圧から低い分圧へ移動します。判断手順: 酸素、二酸化炭素、肺胞、血液という語が出たら分圧差を確認します。人工呼吸器や人工肺の理解でも、分圧差と拡散面積が重要です。","2","5","3.0","original","CE108 original batch 1","","CE108","internal_sample","draft"
"truefalse","心拍出量は、一回拍出量と心拍数の積で表される。","正しい","誤り","","","","1","","0.01","","MED-ANAT","心拍出量は一回拍出量×心拍数です。","心拍出量は1分間に心臓から拍出される血液量で、一回拍出量と心拍数を掛けて求めます。循環管理ではこの関係から、頻脈、徐脈、収縮力低下の影響を考えます。","背景知識: 心拍出量は循環動態の基本指標です。判断手順: 一回あたりの量と1分あたりの回数を掛けると1分間の量になります。補助循環や人工心肺の流量設定を理解する基礎にもなります。","2","5","3.0","original","CE108 original batch 1","","CE108","internal_sample","draft"
"numeric","体重60 kgの患者に6 mL/kgの一回換気量を設定する。目標一回換気量は何mLか。","","","","","","","360","1","mL","SUP-RESP","60×6より360 mLです。","一回換気量をmL/kgで設定する場合、体重に設定値を掛けます。60 kgに6 mL/kgを掛けると360 mLになります。","使用公式: 一回換気量 = 体重 × mL/kg。代入: 60 × 6 = 360。答え: 360 mL。注意点: 実臨床では実体重ではなく予測体重を使う場面がありますが、この問題では条件に示された体重で計算します。","3","5","3.0","original","CE108 original batch 1","","CE108","internal_sample","draft"
"single","人工呼吸器の換気モードで、設定した圧を目標に吸気を行う方式はどれか。","VCV","PCV","CPR","ECG","ACT","2","","0.01","","SUP-RESP","PCVは圧を目標に換気します。","PCVはPressure Controlled Ventilationの略で、設定した吸気圧を目標として換気します。VCVは設定した換気量を目標にする方式です。","背景知識: 人工呼吸器では量を目標にするか、圧を目標にするかでモードの特徴が変わります。判断手順: Pressureなら圧、Volumeなら量と対応させます。臨床では肺コンプライアンスや気道抵抗の変化で実際の換気量が変わる点にも注意します。","3","4","2.5","original","CE108 original batch 1","","CE108","internal_sample","draft"
"single","血液透析において、透析液中の電解質濃度を設定する主な目的として適切なのはどれか。","血液を凝固させるため","不要物を燃焼させるため","血液との濃度勾配を調整するため","赤血球を増やすため","ポンプを冷却するため","3","","0.01","","SUP-HD","透析液濃度は血液との濃度勾配を調整します。","血液透析では、血液と透析液の間の濃度勾配によって溶質が移動します。透析液の電解質濃度は、除去したい物質や補正したい電解質を安全に調整するために設定されます。","背景知識: 拡散は濃度差によって起こります。判断手順: 透析液の成分という語が出たら、血液との濃度差と患者の電解質補正を考えます。過度な濃度差は急激な変化につながるため、安全管理も重要です。","3","5","3.0","original","CE108 original batch 1","","CE108","internal_sample","draft"
"numeric","血流量200 mL/minで3時間透析を行った。回路を通過した血液量は何Lか。","","","","","","","36","0.1","L","SUP-HD","200 mL/min×180分＝36 Lです。","3時間は180分です。200 mL/minに180分を掛けると36,000 mLとなり、Lに直すと36 Lです。","使用公式: 通過量 = 流量 × 時間。単位変換: 3時間 = 180分、36,000 mL = 36 L。答え: 36 L。注意点: 実際の透析効率は再循環や膜性能にも影響されますが、この問題は流量と時間の基本計算です。","3","4","2.0","original","CE108 original batch 1","","CE108","internal_sample","draft"
"truefalse","限外濾過量を増やすと、一般に除水量は増加する。","正しい","誤り","","","","1","","0.01","","SUP-HD","限外濾過量の増加は除水量の増加につながります。","血液透析で水分を除去する操作は限外濾過であり、設定する限外濾過量を増やすと除水量は増加します。ただし患者状態に応じた安全な設定が必要です。","背景知識: 限外濾過は膜間圧力差を利用した水分移動です。判断手順: 水分除去、除水、限外濾過という語が出たら同じ概念として整理します。急速な除水は血圧低下の原因になるため、速度管理も重要です。","2","4","2.0","original","CE108 original batch 1","","CE108","internal_sample","draft"
"single","体外循環中、静脈血貯血槽の液面低下で最も注意すべきリスクはどれか。","空気混入","血糖低下","体温上昇のみ","尿量増加","心電図電極の脱落","1","","0.01","","SUP-ECC","液面低下では空気混入に注意します。","貯血槽の液面が低下すると、回路内へ空気が引き込まれるリスクがあります。体外循環では空気塞栓を防ぐため、液面監視とアラーム確認が重要です。","背景知識: 体外循環回路では気泡混入が重大な事故につながります。判断手順: 貯血槽、液面低下、吸い込みという語から空気混入を連想します。安全管理ではセンサ、クランプ、目視確認を組み合わせます。","3","5","3.0","original","CE108 original batch 1","","CE108","internal_sample","draft"
"single","人工肺で主に行われる処理はどれか。","酸素付加と二酸化炭素除去","尿素合成","血小板産生","神経伝導速度測定","胆汁産生","1","","0.01","","SUP-ECC","人工肺はガス交換を担います。","人工肺は肺の機能を代行し、血液へ酸素を付加し、二酸化炭素を除去します。体外循環やECMOで重要な構成要素です。","背景知識: 人工肺は膜を介してガス交換を行います。判断手順: 人工肺という語が出たら酸素付加と二酸化炭素除去を選びます。ガス流量、血流量、膜性能が交換効率に影響します。","2","5","3.0","original","CE108 original batch 1","","CE108","internal_sample","draft"
"numeric","人工心肺で体表面積1.6 m²、灌流指数2.4 L/min/m²とする。目標灌流量は何L/minか。","","","","","","","3.84","0.05","L/min","SUP-ECC","1.6×2.4＝3.84 L/minです。","灌流量は体表面積に灌流指数を掛けて求めます。1.6 m²に2.4 L/min/m²を掛けると3.84 L/minです。","使用公式: 灌流量 = 体表面積 × 灌流指数。代入: 1.6 × 2.4 = 3.84。答え: 3.84 L/min。注意点: 実際には患者状態、温度、酸素消費、術式により調整します。","4","5","3.0","original","CE108 original batch 1","","CE108","internal_sample","draft"
"single","パルスオキシメータで測定誤差の原因になりやすいものはどれか。","体動","身長","聴力","髪の長さ","利き手","1","","0.01","","MEAS-SPO2","体動はSpO2測定誤差の原因になります。","パルスオキシメータは脈動成分と光吸収を利用するため、体動、末梢循環不良、外光、マニキュアなどが測定誤差の原因になります。","背景知識: SpO2は非侵襲的で便利ですが、条件によって信頼性が低下します。判断手順: 測定誤差の問題では、体動、低灌流、外光を候補にします。表示値だけでなく波形や患者状態も確認します。","2","5","3.0","original","CE108 original batch 1","","CE108","internal_sample","draft"
"truefalse","心電図モニタの電極接触不良は、波形ノイズやリードオフ表示の原因になり得る。","正しい","誤り","","","","1","","0.01","","MEAS-SPO2","電極接触不良はノイズやリードオフの原因になります。","心電図モニタでは電極の乾燥、剥がれ、皮膚処理不足、ケーブル不良などにより波形が不安定になります。リードオフ表示が出る場合は接触状態を確認します。","背景知識: 生体計測では信号そのものだけでなく、センサと患者の接触状態が重要です。判断手順: ノイズ、基線動揺、リードオフという語が出たら電極、ケーブル、皮膚状態を確認します。","2","4","2.0","original","CE108 original batch 1","","CE108","internal_sample","draft"
"single","除細動時に安全確認として最も適切なのはどれか。","通電前に患者やベッドに触れている人がいないことを確認する","酸素ボンベを患者の上に置く","心電図電極をすべて外す","通電中に胸骨圧迫を続ける","濡れた床で操作する","1","","0.01","","THER-DEF","通電前に接触者がいないことを確認します。","除細動では大きな電気エネルギーを通電するため、患者やベッドに触れている人がいないことを確認します。周囲への電撃を防ぐための声かけと視認が重要です。","背景知識: 除細動器は救命に重要ですが、操作時の安全確認が不可欠です。判断手順: 通電前、安全、接触という語から周囲確認を選びます。酸素や水分、電極位置、同期設定も状況に応じて確認します。","2","5","3.0","original","CE108 original batch 1","","CE108","internal_sample","draft"
"numeric","200 Jで充電した除細動器が全エネルギーを放電した。放電エネルギーは何Jか。","","","","","","","200","0.1","J","THER-DEF","充電エネルギーが全て放電されれば200 Jです。","問題文では200 Jで充電し、全エネルギーを放電したとあります。したがって放電エネルギーは200 Jです。","判断手順: 条件に損失や残留エネルギーが示されていなければ、充電エネルギーと放電エネルギーは同じとして扱います。注意点: 実機では波形やインピーダンスにより患者へ伝わるエネルギーの考え方が関わりますが、この問題は単純確認です。","1","3","1.0","original","CE108 original batch 1","","CE108","internal_sample","draft"
"single","医用電気機器の保護接地の主な目的はどれか。","漏れ電流による危険を低減する","表示文字を大きくする","測定時間を短くする","酸素濃度を高める","バッテリ容量を増やす","1","","0.01","","SAFE-ELEC","保護接地は漏れ電流による危険低減に関係します。","保護接地は、故障時などに危険な電位上昇や漏れ電流による電撃リスクを低減するために用いられます。医療環境では患者安全の観点から重要です。","背景知識: 医用電気安全では漏れ電流、接地、絶縁、等電位化を区別して理解します。判断手順: 保護接地という語が出たら、電撃防止と故障時の安全確保を考えます。","3","5","3.0","original","CE108 original batch 1","","CE108","internal_sample","draft"
"truefalse","水に濡れた手で医用電気機器の電源プラグを扱うことは、電撃リスクを高める。","正しい","誤り","","","","1","","0.01","","SAFE-ELEC","濡れた手での操作は電撃リスクを高めます。","水分は皮膚抵抗を低下させるため、濡れた手で電気機器を扱うと電流が流れやすくなります。医療現場では乾いた手で操作し、濡れた環境を避けることが基本です。","背景知識: 電撃リスクは電圧だけでなく、人体抵抗や接触条件にも左右されます。判断手順: 濡れた手、水分、電源という条件があれば危険側に判断します。基本動作の徹底が事故予防につながります。","1","4","2.0","original","CE108 original batch 1","","CE108","internal_sample","draft"
"numeric","抵抗10 Ωに0.5 Aの電流が流れている。抵抗で消費される電力は何Wか。","","","","","","","2.5","0.01","W","EEE-CIR","P＝I²Rより2.5 Wです。","電力はP＝I²Rで求められます。0.5 Aの二乗は0.25で、10 Ωを掛けると2.5 Wです。","使用公式: P = I^2 R。代入: 0.5^2 × 10 = 0.25 × 10 = 2.5。答え: 2.5 W。注意点: P=VIも使えますが、この問題では電流と抵抗が与えられているためI^2Rが直接使えます。","3","4","2.0","original","CE108 original batch 1","","CE108","internal_sample","draft"
"single","交流回路で周波数の単位として用いられるものはどれか。","V","A","Hz","Ω","W","3","","0.01","","EEE-SIG","周波数の単位はHzです。","周波数は1秒間に繰り返される周期の回数を表し、単位はHzです。Vは電圧、Aは電流、Ωは抵抗、Wは電力の単位です。","背景知識: 電気電子工学では単位の対応を素早く判断できることが重要です。判断手順: 周波数ならHz、周期なら秒、電圧ならV、電流ならAと整理します。人工呼吸器や計測機器の信号理解にも役立ちます。","1","4","2.0","original","CE108 original batch 1","","CE108","internal_sample","draft"
"numeric","周波数25 Hzの信号の周期は何秒か。","","","","","","","0.04","0.001","s","EEE-SIG","周期T＝1/fより0.04秒です。","周期は周波数の逆数です。25 Hzの場合、1÷25＝0.04秒になります。","使用公式: T = 1 / f。代入: 1 / 25 = 0.04。答え: 0.04 s。注意点: Hzは1秒あたりの回数なので、周期は秒になります。","3","4","2.0","original","CE108 original batch 1","","CE108","internal_sample","draft"
"single","生体材料に求められる性質として最も適切なのはどれか。","生体適合性があること","必ず磁石に強く反応すること","水に触れると必ず溶けること","必ず電気を通さないこと","体内で必ず発熱すること","1","","0.01","","MAT-BIO","生体材料には生体適合性が重要です。","生体材料は体内や体表で使用されるため、組織への悪影響が少なく、目的に応じた機械的・化学的性質を持つことが求められます。","背景知識: 生体材料では強度、耐久性、血液適合性、毒性、滅菌への耐性などを考えます。判断手順: 生体材料の基本性質を問われたら、生体適合性を最優先に考えます。用途によって必要な条件は変わります。","2","3","1.5","original","CE108 original batch 1","","CE108","internal_sample","draft"
"single","左心不全で肺うっ血が起こりやすい主な理由はどれか。","左心系からの拍出低下で肺静脈圧が上がるため","右心系の拍出が必ず増えるため","肺胞内酸素が必ず増えるため","腎臓で尿が作られないため","血小板が全て破壊されるため","1","","0.01","","CLIN-PATH","左心不全では肺静脈圧上昇により肺うっ血が起こりやすくなります。","左心室の拍出が低下すると、左房や肺静脈側に圧が伝わり、肺うっ血を生じやすくなります。息切れや湿性ラ音などの所見につながります。","背景知識: 心不全では左心不全と右心不全で出やすい所見が異なります。判断手順: 左心不全なら肺うっ血、右心不全なら体静脈うっ血をまず考えます。補助循環や呼吸管理の理解にも関わります。","3","4","2.0","original","CE108 original batch 1","","CE108","internal_sample","draft"
