exam_round,exam_year,session,question_number,topic_code,derived_theme,keywords,source_url,linked_question_id,note
30,2017,午前,1,,,,,,公式本文・選択肢・解説文は保存しない
30,2017,午前,2,,,,,,公式本文・選択肢・解説文は保存しない
30,2017,午前,3,,,,,,公式本文・選択肢・解説文は保存しない
30,2017,午前,4,,,,,,公式本文・選択肢・解説文は保存しない
30,2017,午前,5,,,,,,公式本文・選択肢・解説文は保存しない
30,2017,午前,6,,,,,,公式本文・選択肢・解説文は保存しない
30,2017,午前,7,,,,,,公式本文・選択肢・解説文は保存しない
30,2017,午前,8,,,,,,公式本文・選択肢・解説文は保存しない
30,2017,午前,9,,,,,,公式本文・選択肢・解説文は保存しない
30,2017,午前,10,,,,,,公式本文・選択肢・解説文は保存しない
30,2017,午前,11,,,,,,公式本文・選択肢・解説文は保存しない
30,2017,午前,12,,,,,,公式本文・選択肢・解説文は保存しない
30,2017,午前,13,,,,,,公式本文・選択肢・解説文は保存しない
30,2017,午前,14,,,,,,公式本文・選択肢・解説文は保存しない
30,2017,午前,15,,,,,,公式本文・選択肢・解説文は保存しない
30,2017,午前,16,,,,,,公式本文・選択肢・解説文は保存しない
30,2017,午前,17,,,,,,公式本文・選択肢・解説文は保存しない
30,2017,午前,18,,,,,,公式本文・選択肢・解説文は保存しない
30,2017,午前,19,,,,,,公式本文・選択肢・解説文は保存しない
30,2017,午前,20,,,,,,公式本文・選択肢・解説文は保存しない
30,2017,午前,21,,,,,,公式本文・選択肢・解説文は保存しない
30,2017,午前,22,,,,,,公式本文・選択肢・解説文は保存しない
30,2017,午前,23,,,,,,公式本文・選択肢・解説文は保存しない
30,2017,午前,24,,,,,,公式本文・選択肢・解説文は保存しない
30,2017,午前,25,,,,,,公式本文・選択肢・解説文は保存しない
30,2017,午前,26,,,,,,公式本文・選択肢・解説文は保存しない
30,2017,午前,27,,,,,,公式本文・選択肢・解説文は保存しない
30,2017,午前,28,,,,,,公式本文・選択肢・解説文は保存しない
30,2017,午前,29,,,,,,公式本文・選択肢・解説文は保存しない
30,2017,午前,30,,,,,,公式本文・選択肢・解説文は保存しない
30,2017,午前,31,,,,,,公式本文・選択肢・解説文は保存しない
30,2017,午前,32,,,,,,公式本文・選択肢・解説文は保存しない
30,2017,午前,33,,,,,,公式本文・選択肢・解説文は保存しない
30,2017,午前,34,,,,,,公式本文・選択肢・解説文は保存しない
30,2017,午前,35,,,,,,公式本文・選択肢・解説文は保存しない
30,2017,午前,36,,,,,,公式本文・選択肢・解説文は保存しない
30,2017,午前,37,,,,,,公式本文・選択肢・解説文は保存しない
30,2017,午前,38,,,,,,公式本文・選択肢・解説文は保存しない
30,2017,午前,39,,,,,,公式本文・選択肢・解説文は保存しない
30,2017,午前,40,,,,,,公式本文・選択肢・解説文は保存しない
30,2017,午前,41,,,,,,公式本文・選択肢・解説文は保存しない
30,2017,午前,42,,,,,,公式本文・選択肢・解説文は保存しない
30,2017,午前,43,,,,,,公式本文・選択肢・解説文は保存しない
30,2017,午前,44,,,,,,公式本文・選択肢・解説文は保存しない
30,2017,午前,45,,,,,,公式本文・選択肢・解説文は保存しない
30,2017,午前,46,,,,,,公式本文・選択肢・解説文は保存しない
30,2017,午前,47,,,,,,公式本文・選択肢・解説文は保存しない
30,2017,午前,48,,,,,,公式本文・選択肢・解説文は保存しない
30,2017,午前,49,,,,,,公式本文・選択肢・解説文は保存しない
30,2017,午前,50,,,,,,公式本文・選択肢・解説文は保存しない
30,2017,午前,51,,,,,,公式本文・選択肢・解説文は保存しない
30,2017,午前,52,,,,,,公式本文・選択肢・解説文は保存しない
30,2017,午前,53,,,,,,公式本文・選択肢・解説文は保存しない
30,2017,午前,54,,,,,,公式本文・選択肢・解説文は保存しない
30,2017,午前,55,,,,,,公式本文・選択肢・解説文は保存しない
30,2017,午前,56,,,,,,公式本文・選択肢・解説文は保存しない
30,2017,午前,57,,,,,,公式本文・選択肢・解説文は保存しない
30,2017,午前,58,,,,,,公式本文・選択肢・解説文は保存しない
30,2017,午前,59,,,,,,公式本文・選択肢・解説文は保存しない
30,2017,午前,60,,,,,,公式本文・選択肢・解説文は保存しない
30,2017,午前,61,,,,,,公式本文・選択肢・解説文は保存しない
30,2017,午前,62,,,,,,公式本文・選択肢・解説文は保存しない
30,2017,午前,63,,,,,,公式本文・選択肢・解説文は保存しない
30,2017,午前,64,,,,,,公式本文・選択肢・解説文は保存しない
30,2017,午前,65,,,,,,公式本文・選択肢・解説文は保存しない
30,2017,午前,66,,,,,,公式本文・選択肢・解説文は保存しない
30,2017,午前,67,,,,,,公式本文・選択肢・解説文は保存しない
30,2017,午前,68,,,,,,公式本文・選択肢・解説文は保存しない
30,2017,午前,69,,,,,,公式本文・選択肢・解説文は保存しない
30,2017,午前,70,,,,,,公式本文・選択肢・解説文は保存しない
30,2017,午前,71,,,,,,公式本文・選択肢・解説文は保存しない
30,2017,午前,72,,,,,,公式本文・選択肢・解説文は保存しない
30,2017,午前,73,,,,,,公式本文・選択肢・解説文は保存しない
30,2017,午前,74,,,,,,公式本文・選択肢・解説文は保存しない
30,2017,午前,75,,,,,,公式本文・選択肢・解説文は保存しない
30,2017,午前,76,,,,,,公式本文・選択肢・解説文は保存しない
30,2017,午前,77,,,,,,公式本文・選択肢・解説文は保存しない
30,2017,午前,78,,,,,,公式本文・選択肢・解説文は保存しない
30,2017,午前,79,,,,,,公式本文・選択肢・解説文は保存しない
30,2017,午前,80,,,,,,公式本文・選択肢・解説文は保存しない
30,2017,午前,81,,,,,,公式本文・選択肢・解説文は保存しない
30,2017,午前,82,,,,,,公式本文・選択肢・解説文は保存しない
30,2017,午前,83,,,,,,公式本文・選択肢・解説文は保存しない
30,2017,午前,84,,,,,,公式本文・選択肢・解説文は保存しない
30,2017,午前,85,,,,,,公式本文・選択肢・解説文は保存しない
30,2017,午前,86,,,,,,公式本文・選択肢・解説文は保存しない
30,2017,午前,87,,,,,,公式本文・選択肢・解説文は保存しない
30,2017,午前,88,,,,,,公式本文・選択肢・解説文は保存しない
30,2017,午前,89,,,,,,公式本文・選択肢・解説文は保存しない
30,2017,午前,90,,,,,,公式本文・選択肢・解説文は保存しない
30,2017,午後,1,,,,,,公式本文・選択肢・解説文は保存しない
30,2017,午後,2,,,,,,公式本文・選択肢・解説文は保存しない
30,2017,午後,3,,,,,,公式本文・選択肢・解説文は保存しない
30,2017,午後,4,,,,,,公式本文・選択肢・解説文は保存しない
30,2017,午後,5,,,,,,公式本文・選択肢・解説文は保存しない
30,2017,午後,6,,,,,,公式本文・選択肢・解説文は保存しない
30,2017,午後,7,,,,,,公式本文・選択肢・解説文は保存しない
30,2017,午後,8,,,,,,公式本文・選択肢・解説文は保存しない
30,2017,午後,9,,,,,,公式本文・選択肢・解説文は保存しない
30,2017,午後,10,,,,,,公式本文・選択肢・解説文は保存しない
30,2017,午後,11,,,,,,公式本文・選択肢・解説文は保存しない
30,2017,午後,12,,,,,,公式本文・選択肢・解説文は保存しない
30,2017,午後,13,,,,,,公式本文・選択肢・解説文は保存しない
30,2017,午後,14,,,,,,公式本文・選択肢・解説文は保存しない
30,2017,午後,15,,,,,,公式本文・選択肢・解説文は保存しない
30,2017,午後,16,,,,,,公式本文・選択肢・解説文は保存しない
30,2017,午後,17,,,,,,公式本文・選択肢・解説文は保存しない
30,2017,午後,18,,,,,,公式本文・選択肢・解説文は保存しない
30,2017,午後,19,,,,,,公式本文・選択肢・解説文は保存しない
30,2017,午後,20,,,,,,公式本文・選択肢・解説文は保存しない
30,2017,午後,21,,,,,,公式本文・選択肢・解説文は保存しない
30,2017,午後,22,,,,,,公式本文・選択肢・解説文は保存しない
30,2017,午後,23,,,,,,公式本文・選択肢・解説文は保存しない
30,2017,午後,24,,,,,,公式本文・選択肢・解説文は保存しない
30,2017,午後,25,,,,,,公式本文・選択肢・解説文は保存しない
30,2017,午後,26,,,,,,公式本文・選択肢・解説文は保存しない
30,2017,午後,27,,,,,,公式本文・選択肢・解説文は保存しない
30,2017,午後,28,,,,,,公式本文・選択肢・解説文は保存しない
30,2017,午後,29,,,,,,公式本文・選択肢・解説文は保存しない
30,2017,午後,30,,,,,,公式本文・選択肢・解説文は保存しない
30,2017,午後,31,,,,,,公式本文・選択肢・解説文は保存しない
30,2017,午後,32,,,,,,公式本文・選択肢・解説文は保存しない
30,2017,午後,33,,,,,,公式本文・選択肢・解説文は保存しない
30,2017,午後,34,,,,,,公式本文・選択肢・解説文は保存しない
30,2017,午後,35,,,,,,公式本文・選択肢・解説文は保存しない
30,2017,午後,36,,,,,,公式本文・選択肢・解説文は保存しない
30,2017,午後,37,,,,,,公式本文・選択肢・解説文は保存しない
30,2017,午後,38,,,,,,公式本文・選択肢・解説文は保存しない
30,2017,午後,39,,,,,,公式本文・選択肢・解説文は保存しない
30,2017,午後,40,,,,,,公式本文・選択肢・解説文は保存しない
30,2017,午後,41,,,,,,公式本文・選択肢・解説文は保存しない
30,2017,午後,42,,,,,,公式本文・選択肢・解説文は保存しない
30,2017,午後,43,,,,,,公式本文・選択肢・解説文は保存しない
30,2017,午後,44,,,,,,公式本文・選択肢・解説文は保存しない
30,2017,午後,45,,,,,,公式本文・選択肢・解説文は保存しない
30,2017,午後,46,,,,,,公式本文・選択肢・解説文は保存しない
30,2017,午後,47,,,,,,公式本文・選択肢・解説文は保存しない
30,2017,午後,48,,,,,,公式本文・選択肢・解説文は保存しない
30,2017,午後,49,,,,,,公式本文・選択肢・解説文は保存しない
30,2017,午後,50,,,,,,公式本文・選択肢・解説文は保存しない
30,2017,午後,51,,,,,,公式本文・選択肢・解説文は保存しない
30,2017,午後,52,,,,,,公式本文・選択肢・解説文は保存しない
30,2017,午後,53,,,,,,公式本文・選択肢・解説文は保存しない
30,2017,午後,54,,,,,,公式本文・選択肢・解説文は保存しない
30,2017,午後,55,,,,,,公式本文・選択肢・解説文は保存しない
30,2017,午後,56,,,,,,公式本文・選択肢・解説文は保存しない
30,2017,午後,57,,,,,,公式本文・選択肢・解説文は保存しない
30,2017,午後,58,,,,,,公式本文・選択肢・解説文は保存しない
30,2017,午後,59,,,,,,公式本文・選択肢・解説文は保存しない
30,2017,午後,60,,,,,,公式本文・選択肢・解説文は保存しない
30,2017,午後,61,,,,,,公式本文・選択肢・解説文は保存しない
30,2017,午後,62,,,,,,公式本文・選択肢・解説文は保存しない
30,2017,午後,63,,,,,,公式本文・選択肢・解説文は保存しない
30,2017,午後,64,,,,,,公式本文・選択肢・解説文は保存しない
30,2017,午後,65,,,,,,公式本文・選択肢・解説文は保存しない
30,2017,午後,66,,,,,,公式本文・選択肢・解説文は保存しない
30,2017,午後,67,,,,,,公式本文・選択肢・解説文は保存しない
30,2017,午後,68,,,,,,公式本文・選択肢・解説文は保存しない
30,2017,午後,69,,,,,,公式本文・選択肢・解説文は保存しない
30,2017,午後,70,,,,,,公式本文・選択肢・解説文は保存しない
30,2017,午後,71,,,,,,公式本文・選択肢・解説文は保存しない
30,2017,午後,72,,,,,,公式本文・選択肢・解説文は保存しない
30,2017,午後,73,,,,,,公式本文・選択肢・解説文は保存しない
30,2017,午後,74,,,,,,公式本文・選択肢・解説文は保存しない
30,2017,午後,75,,,,,,公式本文・選択肢・解説文は保存しない
30,2017,午後,76,,,,,,公式本文・選択肢・解説文は保存しない
30,2017,午後,77,,,,,,公式本文・選択肢・解説文は保存しない
30,2017,午後,78,,,,,,公式本文・選択肢・解説文は保存しない
30,2017,午後,79,,,,,,公式本文・選択肢・解説文は保存しない
30,2017,午後,80,,,,,,公式本文・選択肢・解説文は保存しない
30,2017,午後,81,,,,,,公式本文・選択肢・解説文は保存しない
30,2017,午後,82,,,,,,公式本文・選択肢・解説文は保存しない
30,2017,午後,83,,,,,,公式本文・選択肢・解説文は保存しない
30,2017,午後,84,,,,,,公式本文・選択肢・解説文は保存しない
30,2017,午後,85,,,,,,公式本文・選択肢・解説文は保存しない
30,2017,午後,86,,,,,,公式本文・選択肢・解説文は保存しない
30,2017,午後,87,,,,,,公式本文・選択肢・解説文は保存しない
30,2017,午後,88,,,,,,公式本文・選択肢・解説文は保存しない
30,2017,午後,89,,,,,,公式本文・選択肢・解説文は保存しない
30,2017,午後,90,,,,,,公式本文・選択肢・解説文は保存しない
31,2018,午前,1,,,,,,公式本文・選択肢・解説文は保存しない
31,2018,午前,2,,,,,,公式本文・選択肢・解説文は保存しない
31,2018,午前,3,,,,,,公式本文・選択肢・解説文は保存しない
31,2018,午前,4,,,,,,公式本文・選択肢・解説文は保存しない
31,2018,午前,5,,,,,,公式本文・選択肢・解説文は保存しない
31,2018,午前,6,,,,,,公式本文・選択肢・解説文は保存しない
31,2018,午前,7,,,,,,公式本文・選択肢・解説文は保存しない
31,2018,午前,8,,,,,,公式本文・選択肢・解説文は保存しない
31,2018,午前,9,,,,,,公式本文・選択肢・解説文は保存しない
31,2018,午前,10,,,,,,公式本文・選択肢・解説文は保存しない
31,2018,午前,11,,,,,,公式本文・選択肢・解説文は保存しない
31,2018,午前,12,,,,,,公式本文・選択肢・解説文は保存しない
31,2018,午前,13,,,,,,公式本文・選択肢・解説文は保存しない
31,2018,午前,14,,,,,,公式本文・選択肢・解説文は保存しない
31,2018,午前,15,,,,,,公式本文・選択肢・解説文は保存しない
31,2018,午前,16,,,,,,公式本文・選択肢・解説文は保存しない
31,2018,午前,17,,,,,,公式本文・選択肢・解説文は保存しない
31,2018,午前,18,,,,,,公式本文・選択肢・解説文は保存しない
31,2018,午前,19,,,,,,公式本文・選択肢・解説文は保存しない
31,2018,午前,20,,,,,,公式本文・選択肢・解説文は保存しない
31,2018,午前,21,,,,,,公式本文・選択肢・解説文は保存しない
31,2018,午前,22,,,,,,公式本文・選択肢・解説文は保存しない
31,2018,午前,23,,,,,,公式本文・選択肢・解説文は保存しない
31,2018,午前,24,,,,,,公式本文・選択肢・解説文は保存しない
31,2018,午前,25,,,,,,公式本文・選択肢・解説文は保存しない
31,2018,午前,26,,,,,,公式本文・選択肢・解説文は保存しない
31,2018,午前,27,,,,,,公式本文・選択肢・解説文は保存しない
31,2018,午前,28,,,,,,公式本文・選択肢・解説文は保存しない
31,2018,午前,29,,,,,,公式本文・選択肢・解説文は保存しない
31,2018,午前,30,,,,,,公式本文・選択肢・解説文は保存しない
31,2018,午前,31,,,,,,公式本文・選択肢・解説文は保存しない
31,2018,午前,32,,,,,,公式本文・選択肢・解説文は保存しない
31,2018,午前,33,,,,,,公式本文・選択肢・解説文は保存しない
31,2018,午前,34,,,,,,公式本文・選択肢・解説文は保存しない
31,2018,午前,35,,,,,,公式本文・選択肢・解説文は保存しない
31,2018,午前,36,,,,,,公式本文・選択肢・解説文は保存しない
31,2018,午前,37,,,,,,公式本文・選択肢・解説文は保存しない
31,2018,午前,38,,,,,,公式本文・選択肢・解説文は保存しない
31,2018,午前,39,,,,,,公式本文・選択肢・解説文は保存しない
31,2018,午前,40,,,,,,公式本文・選択肢・解説文は保存しない
31,2018,午前,41,,,,,,公式本文・選択肢・解説文は保存しない
31,2018,午前,42,,,,,,公式本文・選択肢・解説文は保存しない
31,2018,午前,43,,,,,,公式本文・選択肢・解説文は保存しない
31,2018,午前,44,,,,,,公式本文・選択肢・解説文は保存しない
31,2018,午前,45,,,,,,公式本文・選択肢・解説文は保存しない
31,2018,午前,46,,,,,,公式本文・選択肢・解説文は保存しない
31,2018,午前,47,,,,,,公式本文・選択肢・解説文は保存しない
31,2018,午前,48,,,,,,公式本文・選択肢・解説文は保存しない
31,2018,午前,49,,,,,,公式本文・選択肢・解説文は保存しない
31,2018,午前,50,,,,,,公式本文・選択肢・解説文は保存しない
31,2018,午前,51,,,,,,公式本文・選択肢・解説文は保存しない
31,2018,午前,52,,,,,,公式本文・選択肢・解説文は保存しない
31,2018,午前,53,,,,,,公式本文・選択肢・解説文は保存しない
31,2018,午前,54,,,,,,公式本文・選択肢・解説文は保存しない
31,2018,午前,55,,,,,,公式本文・選択肢・解説文は保存しない
31,2018,午前,56,,,,,,公式本文・選択肢・解説文は保存しない
31,2018,午前,57,,,,,,公式本文・選択肢・解説文は保存しない
31,2018,午前,58,,,,,,公式本文・選択肢・解説文は保存しない
31,2018,午前,59,,,,,,公式本文・選択肢・解説文は保存しない
31,2018,午前,60,,,,,,公式本文・選択肢・解説文は保存しない
31,2018,午前,61,,,,,,公式本文・選択肢・解説文は保存しない
31,2018,午前,62,,,,,,公式本文・選択肢・解説文は保存しない
31,2018,午前,63,,,,,,公式本文・選択肢・解説文は保存しない
31,2018,午前,64,,,,,,公式本文・選択肢・解説文は保存しない
31,2018,午前,65,,,,,,公式本文・選択肢・解説文は保存しない
31,2018,午前,66,,,,,,公式本文・選択肢・解説文は保存しない
31,2018,午前,67,,,,,,公式本文・選択肢・解説文は保存しない
31,2018,午前,68,,,,,,公式本文・選択肢・解説文は保存しない
31,2018,午前,69,,,,,,公式本文・選択肢・解説文は保存しない
31,2018,午前,70,,,,,,公式本文・選択肢・解説文は保存しない
31,2018,午前,71,,,,,,公式本文・選択肢・解説文は保存しない
31,2018,午前,72,,,,,,公式本文・選択肢・解説文は保存しない
31,2018,午前,73,,,,,,公式本文・選択肢・解説文は保存しない
31,2018,午前,74,,,,,,公式本文・選択肢・解説文は保存しない
31,2018,午前,75,,,,,,公式本文・選択肢・解説文は保存しない
31,2018,午前,76,,,,,,公式本文・選択肢・解説文は保存しない
31,2018,午前,77,,,,,,公式本文・選択肢・解説文は保存しない
31,2018,午前,78,,,,,,公式本文・選択肢・解説文は保存しない
31,2018,午前,79,,,,,,公式本文・選択肢・解説文は保存しない
31,2018,午前,80,,,,,,公式本文・選択肢・解説文は保存しない
31,2018,午前,81,,,,,,公式本文・選択肢・解説文は保存しない
31,2018,午前,82,,,,,,公式本文・選択肢・解説文は保存しない
31,2018,午前,83,,,,,,公式本文・選択肢・解説文は保存しない
31,2018,午前,84,,,,,,公式本文・選択肢・解説文は保存しない
31,2018,午前,85,,,,,,公式本文・選択肢・解説文は保存しない
31,2018,午前,86,,,,,,公式本文・選択肢・解説文は保存しない
31,2018,午前,87,,,,,,公式本文・選択肢・解説文は保存しない
31,2018,午前,88,,,,,,公式本文・選択肢・解説文は保存しない
31,2018,午前,89,,,,,,公式本文・選択肢・解説文は保存しない
31,2018,午前,90,,,,,,公式本文・選択肢・解説文は保存しない
31,2018,午後,1,,,,,,公式本文・選択肢・解説文は保存しない
31,2018,午後,2,,,,,,公式本文・選択肢・解説文は保存しない
31,2018,午後,3,,,,,,公式本文・選択肢・解説文は保存しない
31,2018,午後,4,,,,,,公式本文・選択肢・解説文は保存しない
31,2018,午後,5,,,,,,公式本文・選択肢・解説文は保存しない
31,2018,午後,6,,,,,,公式本文・選択肢・解説文は保存しない
31,2018,午後,7,,,,,,公式本文・選択肢・解説文は保存しない
31,2018,午後,8,,,,,,公式本文・選択肢・解説文は保存しない
31,2018,午後,9,,,,,,公式本文・選択肢・解説文は保存しない
31,2018,午後,10,,,,,,公式本文・選択肢・解説文は保存しない
31,2018,午後,11,,,,,,公式本文・選択肢・解説文は保存しない
31,2018,午後,12,,,,,,公式本文・選択肢・解説文は保存しない
31,2018,午後,13,,,,,,公式本文・選択肢・解説文は保存しない
31,2018,午後,14,,,,,,公式本文・選択肢・解説文は保存しない
31,2018,午後,15,,,,,,公式本文・選択肢・解説文は保存しない
31,2018,午後,16,,,,,,公式本文・選択肢・解説文は保存しない
31,2018,午後,17,,,,,,公式本文・選択肢・解説文は保存しない
31,2018,午後,18,,,,,,公式本文・選択肢・解説文は保存しない
31,2018,午後,19,,,,,,公式本文・選択肢・解説文は保存しない
31,2018,午後,20,,,,,,公式本文・選択肢・解説文は保存しない
31,2018,午後,21,,,,,,公式本文・選択肢・解説文は保存しない
31,2018,午後,22,,,,,,公式本文・選択肢・解説文は保存しない
31,2018,午後,23,,,,,,公式本文・選択肢・解説文は保存しない
31,2018,午後,24,,,,,,公式本文・選択肢・解説文は保存しない
31,2018,午後,25,,,,,,公式本文・選択肢・解説文は保存しない
31,2018,午後,26,,,,,,公式本文・選択肢・解説文は保存しない
31,2018,午後,27,,,,,,公式本文・選択肢・解説文は保存しない
31,2018,午後,28,,,,,,公式本文・選択肢・解説文は保存しない
31,2018,午後,29,,,,,,公式本文・選択肢・解説文は保存しない
31,2018,午後,30,,,,,,公式本文・選択肢・解説文は保存しない
31,2018,午後,31,,,,,,公式本文・選択肢・解説文は保存しない
31,2018,午後,32,,,,,,公式本文・選択肢・解説文は保存しない
31,2018,午後,33,,,,,,公式本文・選択肢・解説文は保存しない
31,2018,午後,34,,,,,,公式本文・選択肢・解説文は保存しない
31,2018,午後,35,,,,,,公式本文・選択肢・解説文は保存しない
31,2018,午後,36,,,,,,公式本文・選択肢・解説文は保存しない
31,2018,午後,37,,,,,,公式本文・選択肢・解説文は保存しない
31,2018,午後,38,,,,,,公式本文・選択肢・解説文は保存しない
31,2018,午後,39,,,,,,公式本文・選択肢・解説文は保存しない
31,2018,午後,40,,,,,,公式本文・選択肢・解説文は保存しない
31,2018,午後,41,,,,,,公式本文・選択肢・解説文は保存しない
31,2018,午後,42,,,,,,公式本文・選択肢・解説文は保存しない
31,2018,午後,43,,,,,,公式本文・選択肢・解説文は保存しない
31,2018,午後,44,,,,,,公式本文・選択肢・解説文は保存しない
31,2018,午後,45,,,,,,公式本文・選択肢・解説文は保存しない
31,2018,午後,46,,,,,,公式本文・選択肢・解説文は保存しない
31,2018,午後,47,,,,,,公式本文・選択肢・解説文は保存しない
31,2018,午後,48,,,,,,公式本文・選択肢・解説文は保存しない
31,2018,午後,49,,,,,,公式本文・選択肢・解説文は保存しない
31,2018,午後,50,,,,,,公式本文・選択肢・解説文は保存しない
31,2018,午後,51,,,,,,公式本文・選択肢・解説文は保存しない
31,2018,午後,52,,,,,,公式本文・選択肢・解説文は保存しない
31,2018,午後,53,,,,,,公式本文・選択肢・解説文は保存しない
31,2018,午後,54,,,,,,公式本文・選択肢・解説文は保存しない
31,2018,午後,55,,,,,,公式本文・選択肢・解説文は保存しない
31,2018,午後,56,,,,,,公式本文・選択肢・解説文は保存しない
31,2018,午後,57,,,,,,公式本文・選択肢・解説文は保存しない
31,2018,午後,58,,,,,,公式本文・選択肢・解説文は保存しない
31,2018,午後,59,,,,,,公式本文・選択肢・解説文は保存しない
31,2018,午後,60,,,,,,公式本文・選択肢・解説文は保存しない
31,2018,午後,61,,,,,,公式本文・選択肢・解説文は保存しない
31,2018,午後,62,,,,,,公式本文・選択肢・解説文は保存しない
31,2018,午後,63,,,,,,公式本文・選択肢・解説文は保存しない
31,2018,午後,64,,,,,,公式本文・選択肢・解説文は保存しない
31,2018,午後,65,,,,,,公式本文・選択肢・解説文は保存しない
31,2018,午後,66,,,,,,公式本文・選択肢・解説文は保存しない
31,2018,午後,67,,,,,,公式本文・選択肢・解説文は保存しない
31,2018,午後,68,,,,,,公式本文・選択肢・解説文は保存しない
31,2018,午後,69,,,,,,公式本文・選択肢・解説文は保存しない
31,2018,午後,70,,,,,,公式本文・選択肢・解説文は保存しない
31,2018,午後,71,,,,,,公式本文・選択肢・解説文は保存しない
31,2018,午後,72,,,,,,公式本文・選択肢・解説文は保存しない
31,2018,午後,73,,,,,,公式本文・選択肢・解説文は保存しない
31,2018,午後,74,,,,,,公式本文・選択肢・解説文は保存しない
31,2018,午後,75,,,,,,公式本文・選択肢・解説文は保存しない
31,2018,午後,76,,,,,,公式本文・選択肢・解説文は保存しない
31,2018,午後,77,,,,,,公式本文・選択肢・解説文は保存しない
31,2018,午後,78,,,,,,公式本文・選択肢・解説文は保存しない
31,2018,午後,79,,,,,,公式本文・選択肢・解説文は保存しない
31,2018,午後,80,,,,,,公式本文・選択肢・解説文は保存しない
31,2018,午後,81,,,,,,公式本文・選択肢・解説文は保存しない
31,2018,午後,82,,,,,,公式本文・選択肢・解説文は保存しない
31,2018,午後,83,,,,,,公式本文・選択肢・解説文は保存しない
31,2018,午後,84,,,,,,公式本文・選択肢・解説文は保存しない
31,2018,午後,85,,,,,,公式本文・選択肢・解説文は保存しない
31,2018,午後,86,,,,,,公式本文・選択肢・解説文は保存しない
31,2018,午後,87,,,,,,公式本文・選択肢・解説文は保存しない
31,2018,午後,88,,,,,,公式本文・選択肢・解説文は保存しない
31,2018,午後,89,,,,,,公式本文・選択肢・解説文は保存しない
31,2018,午後,90,,,,,,公式本文・選択肢・解説文は保存しない
32,2019,午前,1,,,,,,公式本文・選択肢・解説文は保存しない
32,2019,午前,2,,,,,,公式本文・選択肢・解説文は保存しない
32,2019,午前,3,,,,,,公式本文・選択肢・解説文は保存しない
32,2019,午前,4,,,,,,公式本文・選択肢・解説文は保存しない
32,2019,午前,5,,,,,,公式本文・選択肢・解説文は保存しない
32,2019,午前,6,,,,,,公式本文・選択肢・解説文は保存しない
32,2019,午前,7,,,,,,公式本文・選択肢・解説文は保存しない
32,2019,午前,8,,,,,,公式本文・選択肢・解説文は保存しない
32,2019,午前,9,,,,,,公式本文・選択肢・解説文は保存しない
32,2019,午前,10,,,,,,公式本文・選択肢・解説文は保存しない
32,2019,午前,11,,,,,,公式本文・選択肢・解説文は保存しない
32,2019,午前,12,,,,,,公式本文・選択肢・解説文は保存しない
32,2019,午前,13,,,,,,公式本文・選択肢・解説文は保存しない
32,2019,午前,14,,,,,,公式本文・選択肢・解説文は保存しない
32,2019,午前,15,,,,,,公式本文・選択肢・解説文は保存しない
32,2019,午前,16,,,,,,公式本文・選択肢・解説文は保存しない
32,2019,午前,17,,,,,,公式本文・選択肢・解説文は保存しない
32,2019,午前,18,,,,,,公式本文・選択肢・解説文は保存しない
32,2019,午前,19,,,,,,公式本文・選択肢・解説文は保存しない
32,2019,午前,20,,,,,,公式本文・選択肢・解説文は保存しない
32,2019,午前,21,,,,,,公式本文・選択肢・解説文は保存しない
32,2019,午前,22,,,,,,公式本文・選択肢・解説文は保存しない
32,2019,午前,23,,,,,,公式本文・選択肢・解説文は保存しない
32,2019,午前,24,,,,,,公式本文・選択肢・解説文は保存しない
32,2019,午前,25,,,,,,公式本文・選択肢・解説文は保存しない
32,2019,午前,26,,,,,,公式本文・選択肢・解説文は保存しない
32,2019,午前,27,,,,,,公式本文・選択肢・解説文は保存しない
32,2019,午前,28,,,,,,公式本文・選択肢・解説文は保存しない
32,2019,午前,29,,,,,,公式本文・選択肢・解説文は保存しない
32,2019,午前,30,,,,,,公式本文・選択肢・解説文は保存しない
32,2019,午前,31,,,,,,公式本文・選択肢・解説文は保存しない
32,2019,午前,32,,,,,,公式本文・選択肢・解説文は保存しない
32,2019,午前,33,,,,,,公式本文・選択肢・解説文は保存しない
32,2019,午前,34,,,,,,公式本文・選択肢・解説文は保存しない
32,2019,午前,35,,,,,,公式本文・選択肢・解説文は保存しない
32,2019,午前,36,,,,,,公式本文・選択肢・解説文は保存しない
32,2019,午前,37,,,,,,公式本文・選択肢・解説文は保存しない
32,2019,午前,38,,,,,,公式本文・選択肢・解説文は保存しない
32,2019,午前,39,,,,,,公式本文・選択肢・解説文は保存しない
32,2019,午前,40,,,,,,公式本文・選択肢・解説文は保存しない
32,2019,午前,41,,,,,,公式本文・選択肢・解説文は保存しない
32,2019,午前,42,,,,,,公式本文・選択肢・解説文は保存しない
32,2019,午前,43,,,,,,公式本文・選択肢・解説文は保存しない
32,2019,午前,44,,,,,,公式本文・選択肢・解説文は保存しない
32,2019,午前,45,,,,,,公式本文・選択肢・解説文は保存しない
32,2019,午前,46,,,,,,公式本文・選択肢・解説文は保存しない
32,2019,午前,47,,,,,,公式本文・選択肢・解説文は保存しない
32,2019,午前,48,,,,,,公式本文・選択肢・解説文は保存しない
32,2019,午前,49,,,,,,公式本文・選択肢・解説文は保存しない
32,2019,午前,50,,,,,,公式本文・選択肢・解説文は保存しない
32,2019,午前,51,,,,,,公式本文・選択肢・解説文は保存しない
32,2019,午前,52,,,,,,公式本文・選択肢・解説文は保存しない
32,2019,午前,53,,,,,,公式本文・選択肢・解説文は保存しない
32,2019,午前,54,,,,,,公式本文・選択肢・解説文は保存しない
32,2019,午前,55,,,,,,公式本文・選択肢・解説文は保存しない
32,2019,午前,56,,,,,,公式本文・選択肢・解説文は保存しない
32,2019,午前,57,,,,,,公式本文・選択肢・解説文は保存しない
32,2019,午前,58,,,,,,公式本文・選択肢・解説文は保存しない
32,2019,午前,59,,,,,,公式本文・選択肢・解説文は保存しない
32,2019,午前,60,,,,,,公式本文・選択肢・解説文は保存しない
32,2019,午前,61,,,,,,公式本文・選択肢・解説文は保存しない
32,2019,午前,62,,,,,,公式本文・選択肢・解説文は保存しない
32,2019,午前,63,,,,,,公式本文・選択肢・解説文は保存しない
32,2019,午前,64,,,,,,公式本文・選択肢・解説文は保存しない
32,2019,午前,65,,,,,,公式本文・選択肢・解説文は保存しない
32,2019,午前,66,,,,,,公式本文・選択肢・解説文は保存しない
32,2019,午前,67,,,,,,公式本文・選択肢・解説文は保存しない
32,2019,午前,68,,,,,,公式本文・選択肢・解説文は保存しない
32,2019,午前,69,,,,,,公式本文・選択肢・解説文は保存しない
32,2019,午前,70,,,,,,公式本文・選択肢・解説文は保存しない
32,2019,午前,71,,,,,,公式本文・選択肢・解説文は保存しない
32,2019,午前,72,,,,,,公式本文・選択肢・解説文は保存しない
32,2019,午前,73,,,,,,公式本文・選択肢・解説文は保存しない
32,2019,午前,74,,,,,,公式本文・選択肢・解説文は保存しない
32,2019,午前,75,,,,,,公式本文・選択肢・解説文は保存しない
32,2019,午前,76,,,,,,公式本文・選択肢・解説文は保存しない
32,2019,午前,77,,,,,,公式本文・選択肢・解説文は保存しない
32,2019,午前,78,,,,,,公式本文・選択肢・解説文は保存しない
32,2019,午前,79,,,,,,公式本文・選択肢・解説文は保存しない
32,2019,午前,80,,,,,,公式本文・選択肢・解説文は保存しない
32,2019,午前,81,,,,,,公式本文・選択肢・解説文は保存しない
32,2019,午前,82,,,,,,公式本文・選択肢・解説文は保存しない
32,2019,午前,83,,,,,,公式本文・選択肢・解説文は保存しない
32,2019,午前,84,,,,,,公式本文・選択肢・解説文は保存しない
32,2019,午前,85,,,,,,公式本文・選択肢・解説文は保存しない
32,2019,午前,86,,,,,,公式本文・選択肢・解説文は保存しない
32,2019,午前,87,,,,,,公式本文・選択肢・解説文は保存しない
32,2019,午前,88,,,,,,公式本文・選択肢・解説文は保存しない
32,2019,午前,89,,,,,,公式本文・選択肢・解説文は保存しない
32,2019,午前,90,,,,,,公式本文・選択肢・解説文は保存しない
32,2019,午後,1,,,,,,公式本文・選択肢・解説文は保存しない
32,2019,午後,2,,,,,,公式本文・選択肢・解説文は保存しない
32,2019,午後,3,,,,,,公式本文・選択肢・解説文は保存しない
32,2019,午後,4,,,,,,公式本文・選択肢・解説文は保存しない
32,2019,午後,5,,,,,,公式本文・選択肢・解説文は保存しない
32,2019,午後,6,,,,,,公式本文・選択肢・解説文は保存しない
32,2019,午後,7,,,,,,公式本文・選択肢・解説文は保存しない
32,2019,午後,8,,,,,,公式本文・選択肢・解説文は保存しない
32,2019,午後,9,,,,,,公式本文・選択肢・解説文は保存しない
32,2019,午後,10,,,,,,公式本文・選択肢・解説文は保存しない
32,2019,午後,11,,,,,,公式本文・選択肢・解説文は保存しない
32,2019,午後,12,,,,,,公式本文・選択肢・解説文は保存しない
32,2019,午後,13,,,,,,公式本文・選択肢・解説文は保存しない
32,2019,午後,14,,,,,,公式本文・選択肢・解説文は保存しない
32,2019,午後,15,,,,,,公式本文・選択肢・解説文は保存しない
32,2019,午後,16,,,,,,公式本文・選択肢・解説文は保存しない
32,2019,午後,17,,,,,,公式本文・選択肢・解説文は保存しない
32,2019,午後,18,,,,,,公式本文・選択肢・解説文は保存しない
32,2019,午後,19,,,,,,公式本文・選択肢・解説文は保存しない
32,2019,午後,20,,,,,,公式本文・選択肢・解説文は保存しない
32,2019,午後,21,,,,,,公式本文・選択肢・解説文は保存しない
32,2019,午後,22,,,,,,公式本文・選択肢・解説文は保存しない
32,2019,午後,23,,,,,,公式本文・選択肢・解説文は保存しない
32,2019,午後,24,,,,,,公式本文・選択肢・解説文は保存しない
32,2019,午後,25,,,,,,公式本文・選択肢・解説文は保存しない
32,2019,午後,26,,,,,,公式本文・選択肢・解説文は保存しない
32,2019,午後,27,,,,,,公式本文・選択肢・解説文は保存しない
32,2019,午後,28,,,,,,公式本文・選択肢・解説文は保存しない
32,2019,午後,29,,,,,,公式本文・選択肢・解説文は保存しない
32,2019,午後,30,,,,,,公式本文・選択肢・解説文は保存しない
32,2019,午後,31,,,,,,公式本文・選択肢・解説文は保存しない
32,2019,午後,32,,,,,,公式本文・選択肢・解説文は保存しない
32,2019,午後,33,,,,,,公式本文・選択肢・解説文は保存しない
32,2019,午後,34,,,,,,公式本文・選択肢・解説文は保存しない
32,2019,午後,35,,,,,,公式本文・選択肢・解説文は保存しない
32,2019,午後,36,,,,,,公式本文・選択肢・解説文は保存しない
32,2019,午後,37,,,,,,公式本文・選択肢・解説文は保存しない
32,2019,午後,38,,,,,,公式本文・選択肢・解説文は保存しない
32,2019,午後,39,,,,,,公式本文・選択肢・解説文は保存しない
32,2019,午後,40,,,,,,公式本文・選択肢・解説文は保存しない
32,2019,午後,41,,,,,,公式本文・選択肢・解説文は保存しない
32,2019,午後,42,,,,,,公式本文・選択肢・解説文は保存しない
32,2019,午後,43,,,,,,公式本文・選択肢・解説文は保存しない
32,2019,午後,44,,,,,,公式本文・選択肢・解説文は保存しない
32,2019,午後,45,,,,,,公式本文・選択肢・解説文は保存しない
32,2019,午後,46,,,,,,公式本文・選択肢・解説文は保存しない
32,2019,午後,47,,,,,,公式本文・選択肢・解説文は保存しない
32,2019,午後,48,,,,,,公式本文・選択肢・解説文は保存しない
32,2019,午後,49,,,,,,公式本文・選択肢・解説文は保存しない
32,2019,午後,50,,,,,,公式本文・選択肢・解説文は保存しない
32,2019,午後,51,,,,,,公式本文・選択肢・解説文は保存しない
32,2019,午後,52,,,,,,公式本文・選択肢・解説文は保存しない
32,2019,午後,53,,,,,,公式本文・選択肢・解説文は保存しない
32,2019,午後,54,,,,,,公式本文・選択肢・解説文は保存しない
32,2019,午後,55,,,,,,公式本文・選択肢・解説文は保存しない
32,2019,午後,56,,,,,,公式本文・選択肢・解説文は保存しない
32,2019,午後,57,,,,,,公式本文・選択肢・解説文は保存しない
32,2019,午後,58,,,,,,公式本文・選択肢・解説文は保存しない
32,2019,午後,59,,,,,,公式本文・選択肢・解説文は保存しない
32,2019,午後,60,,,,,,公式本文・選択肢・解説文は保存しない
32,2019,午後,61,,,,,,公式本文・選択肢・解説文は保存しない
32,2019,午後,62,,,,,,公式本文・選択肢・解説文は保存しない
32,2019,午後,63,,,,,,公式本文・選択肢・解説文は保存しない
32,2019,午後,64,,,,,,公式本文・選択肢・解説文は保存しない
32,2019,午後,65,,,,,,公式本文・選択肢・解説文は保存しない
32,2019,午後,66,,,,,,公式本文・選択肢・解説文は保存しない
32,2019,午後,67,,,,,,公式本文・選択肢・解説文は保存しない
32,2019,午後,68,,,,,,公式本文・選択肢・解説文は保存しない
32,2019,午後,69,,,,,,公式本文・選択肢・解説文は保存しない
32,2019,午後,70,,,,,,公式本文・選択肢・解説文は保存しない
32,2019,午後,71,,,,,,公式本文・選択肢・解説文は保存しない
32,2019,午後,72,,,,,,公式本文・選択肢・解説文は保存しない
32,2019,午後,73,,,,,,公式本文・選択肢・解説文は保存しない
32,2019,午後,74,,,,,,公式本文・選択肢・解説文は保存しない
32,2019,午後,75,,,,,,公式本文・選択肢・解説文は保存しない
32,2019,午後,76,,,,,,公式本文・選択肢・解説文は保存しない
32,2019,午後,77,,,,,,公式本文・選択肢・解説文は保存しない
32,2019,午後,78,,,,,,公式本文・選択肢・解説文は保存しない
32,2019,午後,79,,,,,,公式本文・選択肢・解説文は保存しない
32,2019,午後,80,,,,,,公式本文・選択肢・解説文は保存しない
32,2019,午後,81,,,,,,公式本文・選択肢・解説文は保存しない
32,2019,午後,82,,,,,,公式本文・選択肢・解説文は保存しない
32,2019,午後,83,,,,,,公式本文・選択肢・解説文は保存しない
32,2019,午後,84,,,,,,公式本文・選択肢・解説文は保存しない
32,2019,午後,85,,,,,,公式本文・選択肢・解説文は保存しない
32,2019,午後,86,,,,,,公式本文・選択肢・解説文は保存しない
32,2019,午後,87,,,,,,公式本文・選択肢・解説文は保存しない
32,2019,午後,88,,,,,,公式本文・選択肢・解説文は保存しない
32,2019,午後,89,,,,,,公式本文・選択肢・解説文は保存しない
32,2019,午後,90,,,,,,公式本文・選択肢・解説文は保存しない
33,2020,午前,1,,,,,,公式本文・選択肢・解説文は保存しない
33,2020,午前,2,,,,,,公式本文・選択肢・解説文は保存しない
33,2020,午前,3,,,,,,公式本文・選択肢・解説文は保存しない
33,2020,午前,4,,,,,,公式本文・選択肢・解説文は保存しない
33,2020,午前,5,,,,,,公式本文・選択肢・解説文は保存しない
33,2020,午前,6,,,,,,公式本文・選択肢・解説文は保存しない
33,2020,午前,7,,,,,,公式本文・選択肢・解説文は保存しない
33,2020,午前,8,,,,,,公式本文・選択肢・解説文は保存しない
33,2020,午前,9,,,,,,公式本文・選択肢・解説文は保存しない
33,2020,午前,10,,,,,,公式本文・選択肢・解説文は保存しない
33,2020,午前,11,,,,,,公式本文・選択肢・解説文は保存しない
33,2020,午前,12,,,,,,公式本文・選択肢・解説文は保存しない
33,2020,午前,13,,,,,,公式本文・選択肢・解説文は保存しない
33,2020,午前,14,,,,,,公式本文・選択肢・解説文は保存しない
33,2020,午前,15,,,,,,公式本文・選択肢・解説文は保存しない
33,2020,午前,16,,,,,,公式本文・選択肢・解説文は保存しない
33,2020,午前,17,,,,,,公式本文・選択肢・解説文は保存しない
33,2020,午前,18,,,,,,公式本文・選択肢・解説文は保存しない
33,2020,午前,19,,,,,,公式本文・選択肢・解説文は保存しない
33,2020,午前,20,,,,,,公式本文・選択肢・解説文は保存しない
33,2020,午前,21,,,,,,公式本文・選択肢・解説文は保存しない
33,2020,午前,22,,,,,,公式本文・選択肢・解説文は保存しない
33,2020,午前,23,,,,,,公式本文・選択肢・解説文は保存しない
33,2020,午前,24,,,,,,公式本文・選択肢・解説文は保存しない
33,2020,午前,25,,,,,,公式本文・選択肢・解説文は保存しない
33,2020,午前,26,,,,,,公式本文・選択肢・解説文は保存しない
33,2020,午前,27,,,,,,公式本文・選択肢・解説文は保存しない
33,2020,午前,28,,,,,,公式本文・選択肢・解説文は保存しない
33,2020,午前,29,,,,,,公式本文・選択肢・解説文は保存しない
33,2020,午前,30,,,,,,公式本文・選択肢・解説文は保存しない
33,2020,午前,31,,,,,,公式本文・選択肢・解説文は保存しない
33,2020,午前,32,,,,,,公式本文・選択肢・解説文は保存しない
33,2020,午前,33,,,,,,公式本文・選択肢・解説文は保存しない
33,2020,午前,34,,,,,,公式本文・選択肢・解説文は保存しない
33,2020,午前,35,,,,,,公式本文・選択肢・解説文は保存しない
33,2020,午前,36,,,,,,公式本文・選択肢・解説文は保存しない
33,2020,午前,37,,,,,,公式本文・選択肢・解説文は保存しない
33,2020,午前,38,,,,,,公式本文・選択肢・解説文は保存しない
33,2020,午前,39,,,,,,公式本文・選択肢・解説文は保存しない
33,2020,午前,40,,,,,,公式本文・選択肢・解説文は保存しない
33,2020,午前,41,,,,,,公式本文・選択肢・解説文は保存しない
33,2020,午前,42,,,,,,公式本文・選択肢・解説文は保存しない
33,2020,午前,43,,,,,,公式本文・選択肢・解説文は保存しない
33,2020,午前,44,,,,,,公式本文・選択肢・解説文は保存しない
33,2020,午前,45,,,,,,公式本文・選択肢・解説文は保存しない
33,2020,午前,46,,,,,,公式本文・選択肢・解説文は保存しない
33,2020,午前,47,,,,,,公式本文・選択肢・解説文は保存しない
33,2020,午前,48,,,,,,公式本文・選択肢・解説文は保存しない
33,2020,午前,49,,,,,,公式本文・選択肢・解説文は保存しない
33,2020,午前,50,,,,,,公式本文・選択肢・解説文は保存しない
33,2020,午前,51,,,,,,公式本文・選択肢・解説文は保存しない
33,2020,午前,52,,,,,,公式本文・選択肢・解説文は保存しない
33,2020,午前,53,,,,,,公式本文・選択肢・解説文は保存しない
33,2020,午前,54,,,,,,公式本文・選択肢・解説文は保存しない
33,2020,午前,55,,,,,,公式本文・選択肢・解説文は保存しない
33,2020,午前,56,,,,,,公式本文・選択肢・解説文は保存しない
33,2020,午前,57,,,,,,公式本文・選択肢・解説文は保存しない
33,2020,午前,58,,,,,,公式本文・選択肢・解説文は保存しない
33,2020,午前,59,,,,,,公式本文・選択肢・解説文は保存しない
33,2020,午前,60,,,,,,公式本文・選択肢・解説文は保存しない
33,2020,午前,61,,,,,,公式本文・選択肢・解説文は保存しない
33,2020,午前,62,,,,,,公式本文・選択肢・解説文は保存しない
33,2020,午前,63,,,,,,公式本文・選択肢・解説文は保存しない
33,2020,午前,64,,,,,,公式本文・選択肢・解説文は保存しない
33,2020,午前,65,,,,,,公式本文・選択肢・解説文は保存しない
33,2020,午前,66,,,,,,公式本文・選択肢・解説文は保存しない
33,2020,午前,67,,,,,,公式本文・選択肢・解説文は保存しない
33,2020,午前,68,,,,,,公式本文・選択肢・解説文は保存しない
33,2020,午前,69,,,,,,公式本文・選択肢・解説文は保存しない
33,2020,午前,70,,,,,,公式本文・選択肢・解説文は保存しない
33,2020,午前,71,,,,,,公式本文・選択肢・解説文は保存しない
33,2020,午前,72,,,,,,公式本文・選択肢・解説文は保存しない
33,2020,午前,73,,,,,,公式本文・選択肢・解説文は保存しない
33,2020,午前,74,,,,,,公式本文・選択肢・解説文は保存しない
33,2020,午前,75,,,,,,公式本文・選択肢・解説文は保存しない
33,2020,午前,76,,,,,,公式本文・選択肢・解説文は保存しない
33,2020,午前,77,,,,,,公式本文・選択肢・解説文は保存しない
33,2020,午前,78,,,,,,公式本文・選択肢・解説文は保存しない
33,2020,午前,79,,,,,,公式本文・選択肢・解説文は保存しない
33,2020,午前,80,,,,,,公式本文・選択肢・解説文は保存しない
33,2020,午前,81,,,,,,公式本文・選択肢・解説文は保存しない
33,2020,午前,82,,,,,,公式本文・選択肢・解説文は保存しない
33,2020,午前,83,,,,,,公式本文・選択肢・解説文は保存しない
33,2020,午前,84,,,,,,公式本文・選択肢・解説文は保存しない
33,2020,午前,85,,,,,,公式本文・選択肢・解説文は保存しない
33,2020,午前,86,,,,,,公式本文・選択肢・解説文は保存しない
33,2020,午前,87,,,,,,公式本文・選択肢・解説文は保存しない
33,2020,午前,88,,,,,,公式本文・選択肢・解説文は保存しない
33,2020,午前,89,,,,,,公式本文・選択肢・解説文は保存しない
33,2020,午前,90,,,,,,公式本文・選択肢・解説文は保存しない
33,2020,午後,1,,,,,,公式本文・選択肢・解説文は保存しない
33,2020,午後,2,,,,,,公式本文・選択肢・解説文は保存しない
33,2020,午後,3,,,,,,公式本文・選択肢・解説文は保存しない
33,2020,午後,4,,,,,,公式本文・選択肢・解説文は保存しない
33,2020,午後,5,,,,,,公式本文・選択肢・解説文は保存しない
33,2020,午後,6,,,,,,公式本文・選択肢・解説文は保存しない
33,2020,午後,7,,,,,,公式本文・選択肢・解説文は保存しない
33,2020,午後,8,,,,,,公式本文・選択肢・解説文は保存しない
33,2020,午後,9,,,,,,公式本文・選択肢・解説文は保存しない
33,2020,午後,10,,,,,,公式本文・選択肢・解説文は保存しない
33,2020,午後,11,,,,,,公式本文・選択肢・解説文は保存しない
33,2020,午後,12,,,,,,公式本文・選択肢・解説文は保存しない
33,2020,午後,13,,,,,,公式本文・選択肢・解説文は保存しない
33,2020,午後,14,,,,,,公式本文・選択肢・解説文は保存しない
33,2020,午後,15,,,,,,公式本文・選択肢・解説文は保存しない
33,2020,午後,16,,,,,,公式本文・選択肢・解説文は保存しない
33,2020,午後,17,,,,,,公式本文・選択肢・解説文は保存しない
33,2020,午後,18,,,,,,公式本文・選択肢・解説文は保存しない
33,2020,午後,19,,,,,,公式本文・選択肢・解説文は保存しない
33,2020,午後,20,,,,,,公式本文・選択肢・解説文は保存しない
33,2020,午後,21,,,,,,公式本文・選択肢・解説文は保存しない
33,2020,午後,22,,,,,,公式本文・選択肢・解説文は保存しない
33,2020,午後,23,,,,,,公式本文・選択肢・解説文は保存しない
33,2020,午後,24,,,,,,公式本文・選択肢・解説文は保存しない
33,2020,午後,25,,,,,,公式本文・選択肢・解説文は保存しない
33,2020,午後,26,,,,,,公式本文・選択肢・解説文は保存しない
33,2020,午後,27,,,,,,公式本文・選択肢・解説文は保存しない
33,2020,午後,28,,,,,,公式本文・選択肢・解説文は保存しない
33,2020,午後,29,,,,,,公式本文・選択肢・解説文は保存しない
33,2020,午後,30,,,,,,公式本文・選択肢・解説文は保存しない
33,2020,午後,31,,,,,,公式本文・選択肢・解説文は保存しない
33,2020,午後,32,,,,,,公式本文・選択肢・解説文は保存しない
33,2020,午後,33,,,,,,公式本文・選択肢・解説文は保存しない
33,2020,午後,34,,,,,,公式本文・選択肢・解説文は保存しない
33,2020,午後,35,,,,,,公式本文・選択肢・解説文は保存しない
33,2020,午後,36,,,,,,公式本文・選択肢・解説文は保存しない
33,2020,午後,37,,,,,,公式本文・選択肢・解説文は保存しない
33,2020,午後,38,,,,,,公式本文・選択肢・解説文は保存しない
33,2020,午後,39,,,,,,公式本文・選択肢・解説文は保存しない
33,2020,午後,40,,,,,,公式本文・選択肢・解説文は保存しない
33,2020,午後,41,,,,,,公式本文・選択肢・解説文は保存しない
33,2020,午後,42,,,,,,公式本文・選択肢・解説文は保存しない
33,2020,午後,43,,,,,,公式本文・選択肢・解説文は保存しない
33,2020,午後,44,,,,,,公式本文・選択肢・解説文は保存しない
33,2020,午後,45,,,,,,公式本文・選択肢・解説文は保存しない
33,2020,午後,46,,,,,,公式本文・選択肢・解説文は保存しない
33,2020,午後,47,,,,,,公式本文・選択肢・解説文は保存しない
33,2020,午後,48,,,,,,公式本文・選択肢・解説文は保存しない
33,2020,午後,49,,,,,,公式本文・選択肢・解説文は保存しない
33,2020,午後,50,,,,,,公式本文・選択肢・解説文は保存しない
33,2020,午後,51,,,,,,公式本文・選択肢・解説文は保存しない
33,2020,午後,52,,,,,,公式本文・選択肢・解説文は保存しない
33,2020,午後,53,,,,,,公式本文・選択肢・解説文は保存しない
33,2020,午後,54,,,,,,公式本文・選択肢・解説文は保存しない
33,2020,午後,55,,,,,,公式本文・選択肢・解説文は保存しない
33,2020,午後,56,,,,,,公式本文・選択肢・解説文は保存しない
33,2020,午後,57,,,,,,公式本文・選択肢・解説文は保存しない
33,2020,午後,58,,,,,,公式本文・選択肢・解説文は保存しない
33,2020,午後,59,,,,,,公式本文・選択肢・解説文は保存しない
33,2020,午後,60,,,,,,公式本文・選択肢・解説文は保存しない
33,2020,午後,61,,,,,,公式本文・選択肢・解説文は保存しない
33,2020,午後,62,,,,,,公式本文・選択肢・解説文は保存しない
33,2020,午後,63,,,,,,公式本文・選択肢・解説文は保存しない
33,2020,午後,64,,,,,,公式本文・選択肢・解説文は保存しない
33,2020,午後,65,,,,,,公式本文・選択肢・解説文は保存しない
33,2020,午後,66,,,,,,公式本文・選択肢・解説文は保存しない
33,2020,午後,67,,,,,,公式本文・選択肢・解説文は保存しない
33,2020,午後,68,,,,,,公式本文・選択肢・解説文は保存しない
33,2020,午後,69,,,,,,公式本文・選択肢・解説文は保存しない
33,2020,午後,70,,,,,,公式本文・選択肢・解説文は保存しない
33,2020,午後,71,,,,,,公式本文・選択肢・解説文は保存しない
33,2020,午後,72,,,,,,公式本文・選択肢・解説文は保存しない
33,2020,午後,73,,,,,,公式本文・選択肢・解説文は保存しない
33,2020,午後,74,,,,,,公式本文・選択肢・解説文は保存しない
33,2020,午後,75,,,,,,公式本文・選択肢・解説文は保存しない
33,2020,午後,76,,,,,,公式本文・選択肢・解説文は保存しない
33,2020,午後,77,,,,,,公式本文・選択肢・解説文は保存しない
33,2020,午後,78,,,,,,公式本文・選択肢・解説文は保存しない
33,2020,午後,79,,,,,,公式本文・選択肢・解説文は保存しない
33,2020,午後,80,,,,,,公式本文・選択肢・解説文は保存しない
33,2020,午後,81,,,,,,公式本文・選択肢・解説文は保存しない
33,2020,午後,82,,,,,,公式本文・選択肢・解説文は保存しない
33,2020,午後,83,,,,,,公式本文・選択肢・解説文は保存しない
33,2020,午後,84,,,,,,公式本文・選択肢・解説文は保存しない
33,2020,午後,85,,,,,,公式本文・選択肢・解説文は保存しない
33,2020,午後,86,,,,,,公式本文・選択肢・解説文は保存しない
33,2020,午後,87,,,,,,公式本文・選択肢・解説文は保存しない
33,2020,午後,88,,,,,,公式本文・選択肢・解説文は保存しない
33,2020,午後,89,,,,,,公式本文・選択肢・解説文は保存しない
33,2020,午後,90,,,,,,公式本文・選択肢・解説文は保存しない
34,2021,午前,1,,,,,,公式本文・選択肢・解説文は保存しない
34,2021,午前,2,,,,,,公式本文・選択肢・解説文は保存しない
34,2021,午前,3,,,,,,公式本文・選択肢・解説文は保存しない
34,2021,午前,4,,,,,,公式本文・選択肢・解説文は保存しない
34,2021,午前,5,,,,,,公式本文・選択肢・解説文は保存しない
34,2021,午前,6,,,,,,公式本文・選択肢・解説文は保存しない
34,2021,午前,7,,,,,,公式本文・選択肢・解説文は保存しない
34,2021,午前,8,,,,,,公式本文・選択肢・解説文は保存しない
34,2021,午前,9,,,,,,公式本文・選択肢・解説文は保存しない
34,2021,午前,10,,,,,,公式本文・選択肢・解説文は保存しない
34,2021,午前,11,,,,,,公式本文・選択肢・解説文は保存しない
34,2021,午前,12,,,,,,公式本文・選択肢・解説文は保存しない
34,2021,午前,13,,,,,,公式本文・選択肢・解説文は保存しない
34,2021,午前,14,,,,,,公式本文・選択肢・解説文は保存しない
34,2021,午前,15,,,,,,公式本文・選択肢・解説文は保存しない
34,2021,午前,16,,,,,,公式本文・選択肢・解説文は保存しない
34,2021,午前,17,,,,,,公式本文・選択肢・解説文は保存しない
34,2021,午前,18,,,,,,公式本文・選択肢・解説文は保存しない
34,2021,午前,19,,,,,,公式本文・選択肢・解説文は保存しない
34,2021,午前,20,,,,,,公式本文・選択肢・解説文は保存しない
34,2021,午前,21,,,,,,公式本文・選択肢・解説文は保存しない
34,2021,午前,22,,,,,,公式本文・選択肢・解説文は保存しない
34,2021,午前,23,,,,,,公式本文・選択肢・解説文は保存しない
34,2021,午前,24,,,,,,公式本文・選択肢・解説文は保存しない
34,2021,午前,25,,,,,,公式本文・選択肢・解説文は保存しない
34,2021,午前,26,,,,,,公式本文・選択肢・解説文は保存しない
34,2021,午前,27,,,,,,公式本文・選択肢・解説文は保存しない
34,2021,午前,28,,,,,,公式本文・選択肢・解説文は保存しない
34,2021,午前,29,,,,,,公式本文・選択肢・解説文は保存しない
34,2021,午前,30,,,,,,公式本文・選択肢・解説文は保存しない
34,2021,午前,31,,,,,,公式本文・選択肢・解説文は保存しない
34,2021,午前,32,,,,,,公式本文・選択肢・解説文は保存しない
34,2021,午前,33,,,,,,公式本文・選択肢・解説文は保存しない
34,2021,午前,34,,,,,,公式本文・選択肢・解説文は保存しない
34,2021,午前,35,,,,,,公式本文・選択肢・解説文は保存しない
34,2021,午前,36,,,,,,公式本文・選択肢・解説文は保存しない
34,2021,午前,37,,,,,,公式本文・選択肢・解説文は保存しない
34,2021,午前,38,,,,,,公式本文・選択肢・解説文は保存しない
34,2021,午前,39,,,,,,公式本文・選択肢・解説文は保存しない
34,2021,午前,40,,,,,,公式本文・選択肢・解説文は保存しない
34,2021,午前,41,,,,,,公式本文・選択肢・解説文は保存しない
34,2021,午前,42,,,,,,公式本文・選択肢・解説文は保存しない
34,2021,午前,43,,,,,,公式本文・選択肢・解説文は保存しない
34,2021,午前,44,,,,,,公式本文・選択肢・解説文は保存しない
34,2021,午前,45,,,,,,公式本文・選択肢・解説文は保存しない
34,2021,午前,46,,,,,,公式本文・選択肢・解説文は保存しない
34,2021,午前,47,,,,,,公式本文・選択肢・解説文は保存しない
34,2021,午前,48,,,,,,公式本文・選択肢・解説文は保存しない
34,2021,午前,49,,,,,,公式本文・選択肢・解説文は保存しない
34,2021,午前,50,,,,,,公式本文・選択肢・解説文は保存しない
34,2021,午前,51,,,,,,公式本文・選択肢・解説文は保存しない
34,2021,午前,52,,,,,,公式本文・選択肢・解説文は保存しない
34,2021,午前,53,,,,,,公式本文・選択肢・解説文は保存しない
34,2021,午前,54,,,,,,公式本文・選択肢・解説文は保存しない
34,2021,午前,55,,,,,,公式本文・選択肢・解説文は保存しない
34,2021,午前,56,,,,,,公式本文・選択肢・解説文は保存しない
34,2021,午前,57,,,,,,公式本文・選択肢・解説文は保存しない
34,2021,午前,58,,,,,,公式本文・選択肢・解説文は保存しない
34,2021,午前,59,,,,,,公式本文・選択肢・解説文は保存しない
34,2021,午前,60,,,,,,公式本文・選択肢・解説文は保存しない
34,2021,午前,61,,,,,,公式本文・選択肢・解説文は保存しない
34,2021,午前,62,,,,,,公式本文・選択肢・解説文は保存しない
34,2021,午前,63,,,,,,公式本文・選択肢・解説文は保存しない
34,2021,午前,64,,,,,,公式本文・選択肢・解説文は保存しない
34,2021,午前,65,,,,,,公式本文・選択肢・解説文は保存しない
34,2021,午前,66,,,,,,公式本文・選択肢・解説文は保存しない
34,2021,午前,67,,,,,,公式本文・選択肢・解説文は保存しない
34,2021,午前,68,,,,,,公式本文・選択肢・解説文は保存しない
34,2021,午前,69,,,,,,公式本文・選択肢・解説文は保存しない
34,2021,午前,70,,,,,,公式本文・選択肢・解説文は保存しない
34,2021,午前,71,,,,,,公式本文・選択肢・解説文は保存しない
34,2021,午前,72,,,,,,公式本文・選択肢・解説文は保存しない
34,2021,午前,73,,,,,,公式本文・選択肢・解説文は保存しない
34,2021,午前,74,,,,,,公式本文・選択肢・解説文は保存しない
34,2021,午前,75,,,,,,公式本文・選択肢・解説文は保存しない
34,2021,午前,76,,,,,,公式本文・選択肢・解説文は保存しない
34,2021,午前,77,,,,,,公式本文・選択肢・解説文は保存しない
34,2021,午前,78,,,,,,公式本文・選択肢・解説文は保存しない
34,2021,午前,79,,,,,,公式本文・選択肢・解説文は保存しない
34,2021,午前,80,,,,,,公式本文・選択肢・解説文は保存しない
34,2021,午前,81,,,,,,公式本文・選択肢・解説文は保存しない
34,2021,午前,82,,,,,,公式本文・選択肢・解説文は保存しない
34,2021,午前,83,,,,,,公式本文・選択肢・解説文は保存しない
34,2021,午前,84,,,,,,公式本文・選択肢・解説文は保存しない
34,2021,午前,85,,,,,,公式本文・選択肢・解説文は保存しない
34,2021,午前,86,,,,,,公式本文・選択肢・解説文は保存しない
34,2021,午前,87,,,,,,公式本文・選択肢・解説文は保存しない
34,2021,午前,88,,,,,,公式本文・選択肢・解説文は保存しない
34,2021,午前,89,,,,,,公式本文・選択肢・解説文は保存しない
34,2021,午前,90,,,,,,公式本文・選択肢・解説文は保存しない
34,2021,午後,1,,,,,,公式本文・選択肢・解説文は保存しない
34,2021,午後,2,,,,,,公式本文・選択肢・解説文は保存しない
34,2021,午後,3,,,,,,公式本文・選択肢・解説文は保存しない
34,2021,午後,4,,,,,,公式本文・選択肢・解説文は保存しない
34,2021,午後,5,,,,,,公式本文・選択肢・解説文は保存しない
34,2021,午後,6,,,,,,公式本文・選択肢・解説文は保存しない
34,2021,午後,7,,,,,,公式本文・選択肢・解説文は保存しない
34,2021,午後,8,,,,,,公式本文・選択肢・解説文は保存しない
34,2021,午後,9,,,,,,公式本文・選択肢・解説文は保存しない
34,2021,午後,10,,,,,,公式本文・選択肢・解説文は保存しない
34,2021,午後,11,,,,,,公式本文・選択肢・解説文は保存しない
34,2021,午後,12,,,,,,公式本文・選択肢・解説文は保存しない
34,2021,午後,13,,,,,,公式本文・選択肢・解説文は保存しない
34,2021,午後,14,,,,,,公式本文・選択肢・解説文は保存しない
34,2021,午後,15,,,,,,公式本文・選択肢・解説文は保存しない
34,2021,午後,16,,,,,,公式本文・選択肢・解説文は保存しない
34,2021,午後,17,,,,,,公式本文・選択肢・解説文は保存しない
34,2021,午後,18,,,,,,公式本文・選択肢・解説文は保存しない
34,2021,午後,19,,,,,,公式本文・選択肢・解説文は保存しない
34,2021,午後,20,,,,,,公式本文・選択肢・解説文は保存しない
34,2021,午後,21,,,,,,公式本文・選択肢・解説文は保存しない
34,2021,午後,22,,,,,,公式本文・選択肢・解説文は保存しない
34,2021,午後,23,,,,,,公式本文・選択肢・解説文は保存しない
34,2021,午後,24,,,,,,公式本文・選択肢・解説文は保存しない
34,2021,午後,25,,,,,,公式本文・選択肢・解説文は保存しない
34,2021,午後,26,,,,,,公式本文・選択肢・解説文は保存しない
34,2021,午後,27,,,,,,公式本文・選択肢・解説文は保存しない
34,2021,午後,28,,,,,,公式本文・選択肢・解説文は保存しない
34,2021,午後,29,,,,,,公式本文・選択肢・解説文は保存しない
34,2021,午後,30,,,,,,公式本文・選択肢・解説文は保存しない
34,2021,午後,31,,,,,,公式本文・選択肢・解説文は保存しない
34,2021,午後,32,,,,,,公式本文・選択肢・解説文は保存しない
34,2021,午後,33,,,,,,公式本文・選択肢・解説文は保存しない
34,2021,午後,34,,,,,,公式本文・選択肢・解説文は保存しない
34,2021,午後,35,,,,,,公式本文・選択肢・解説文は保存しない
34,2021,午後,36,,,,,,公式本文・選択肢・解説文は保存しない
34,2021,午後,37,,,,,,公式本文・選択肢・解説文は保存しない
34,2021,午後,38,,,,,,公式本文・選択肢・解説文は保存しない
34,2021,午後,39,,,,,,公式本文・選択肢・解説文は保存しない
34,2021,午後,40,,,,,,公式本文・選択肢・解説文は保存しない
34,2021,午後,41,,,,,,公式本文・選択肢・解説文は保存しない
34,2021,午後,42,,,,,,公式本文・選択肢・解説文は保存しない
34,2021,午後,43,,,,,,公式本文・選択肢・解説文は保存しない
34,2021,午後,44,,,,,,公式本文・選択肢・解説文は保存しない
34,2021,午後,45,,,,,,公式本文・選択肢・解説文は保存しない
34,2021,午後,46,,,,,,公式本文・選択肢・解説文は保存しない
34,2021,午後,47,,,,,,公式本文・選択肢・解説文は保存しない
34,2021,午後,48,,,,,,公式本文・選択肢・解説文は保存しない
34,2021,午後,49,,,,,,公式本文・選択肢・解説文は保存しない
34,2021,午後,50,,,,,,公式本文・選択肢・解説文は保存しない
34,2021,午後,51,,,,,,公式本文・選択肢・解説文は保存しない
34,2021,午後,52,,,,,,公式本文・選択肢・解説文は保存しない
34,2021,午後,53,,,,,,公式本文・選択肢・解説文は保存しない
34,2021,午後,54,,,,,,公式本文・選択肢・解説文は保存しない
34,2021,午後,55,,,,,,公式本文・選択肢・解説文は保存しない
34,2021,午後,56,,,,,,公式本文・選択肢・解説文は保存しない
34,2021,午後,57,,,,,,公式本文・選択肢・解説文は保存しない
34,2021,午後,58,,,,,,公式本文・選択肢・解説文は保存しない
34,2021,午後,59,,,,,,公式本文・選択肢・解説文は保存しない
34,2021,午後,60,,,,,,公式本文・選択肢・解説文は保存しない
34,2021,午後,61,,,,,,公式本文・選択肢・解説文は保存しない
34,2021,午後,62,,,,,,公式本文・選択肢・解説文は保存しない
34,2021,午後,63,,,,,,公式本文・選択肢・解説文は保存しない
34,2021,午後,64,,,,,,公式本文・選択肢・解説文は保存しない
34,2021,午後,65,,,,,,公式本文・選択肢・解説文は保存しない
34,2021,午後,66,,,,,,公式本文・選択肢・解説文は保存しない
34,2021,午後,67,,,,,,公式本文・選択肢・解説文は保存しない
34,2021,午後,68,,,,,,公式本文・選択肢・解説文は保存しない
34,2021,午後,69,,,,,,公式本文・選択肢・解説文は保存しない
34,2021,午後,70,,,,,,公式本文・選択肢・解説文は保存しない
34,2021,午後,71,,,,,,公式本文・選択肢・解説文は保存しない
34,2021,午後,72,,,,,,公式本文・選択肢・解説文は保存しない
34,2021,午後,73,,,,,,公式本文・選択肢・解説文は保存しない
34,2021,午後,74,,,,,,公式本文・選択肢・解説文は保存しない
34,2021,午後,75,,,,,,公式本文・選択肢・解説文は保存しない
34,2021,午後,76,,,,,,公式本文・選択肢・解説文は保存しない
34,2021,午後,77,,,,,,公式本文・選択肢・解説文は保存しない
34,2021,午後,78,,,,,,公式本文・選択肢・解説文は保存しない
34,2021,午後,79,,,,,,公式本文・選択肢・解説文は保存しない
34,2021,午後,80,,,,,,公式本文・選択肢・解説文は保存しない
34,2021,午後,81,,,,,,公式本文・選択肢・解説文は保存しない
34,2021,午後,82,,,,,,公式本文・選択肢・解説文は保存しない
34,2021,午後,83,,,,,,公式本文・選択肢・解説文は保存しない
34,2021,午後,84,,,,,,公式本文・選択肢・解説文は保存しない
34,2021,午後,85,,,,,,公式本文・選択肢・解説文は保存しない
34,2021,午後,86,,,,,,公式本文・選択肢・解説文は保存しない
34,2021,午後,87,,,,,,公式本文・選択肢・解説文は保存しない
34,2021,午後,88,,,,,,公式本文・選択肢・解説文は保存しない
34,2021,午後,89,,,,,,公式本文・選択肢・解説文は保存しない
34,2021,午後,90,,,,,,公式本文・選択肢・解説文は保存しない
35,2022,午前,1,,,,,,公式本文・選択肢・解説文は保存しない
35,2022,午前,2,,,,,,公式本文・選択肢・解説文は保存しない
35,2022,午前,3,,,,,,公式本文・選択肢・解説文は保存しない
35,2022,午前,4,,,,,,公式本文・選択肢・解説文は保存しない
35,2022,午前,5,,,,,,公式本文・選択肢・解説文は保存しない
35,2022,午前,6,,,,,,公式本文・選択肢・解説文は保存しない
35,2022,午前,7,,,,,,公式本文・選択肢・解説文は保存しない
35,2022,午前,8,,,,,,公式本文・選択肢・解説文は保存しない
35,2022,午前,9,,,,,,公式本文・選択肢・解説文は保存しない
35,2022,午前,10,,,,,,公式本文・選択肢・解説文は保存しない
35,2022,午前,11,,,,,,公式本文・選択肢・解説文は保存しない
35,2022,午前,12,,,,,,公式本文・選択肢・解説文は保存しない
35,2022,午前,13,,,,,,公式本文・選択肢・解説文は保存しない
35,2022,午前,14,,,,,,公式本文・選択肢・解説文は保存しない
35,2022,午前,15,,,,,,公式本文・選択肢・解説文は保存しない
35,2022,午前,16,,,,,,公式本文・選択肢・解説文は保存しない
35,2022,午前,17,,,,,,公式本文・選択肢・解説文は保存しない
35,2022,午前,18,,,,,,公式本文・選択肢・解説文は保存しない
35,2022,午前,19,,,,,,公式本文・選択肢・解説文は保存しない
35,2022,午前,20,,,,,,公式本文・選択肢・解説文は保存しない
35,2022,午前,21,,,,,,公式本文・選択肢・解説文は保存しない
35,2022,午前,22,,,,,,公式本文・選択肢・解説文は保存しない
35,2022,午前,23,,,,,,公式本文・選択肢・解説文は保存しない
35,2022,午前,24,,,,,,公式本文・選択肢・解説文は保存しない
35,2022,午前,25,,,,,,公式本文・選択肢・解説文は保存しない
35,2022,午前,26,,,,,,公式本文・選択肢・解説文は保存しない
35,2022,午前,27,,,,,,公式本文・選択肢・解説文は保存しない
35,2022,午前,28,,,,,,公式本文・選択肢・解説文は保存しない
35,2022,午前,29,,,,,,公式本文・選択肢・解説文は保存しない
35,2022,午前,30,,,,,,公式本文・選択肢・解説文は保存しない
35,2022,午前,31,,,,,,公式本文・選択肢・解説文は保存しない
35,2022,午前,32,,,,,,公式本文・選択肢・解説文は保存しない
35,2022,午前,33,,,,,,公式本文・選択肢・解説文は保存しない
35,2022,午前,34,,,,,,公式本文・選択肢・解説文は保存しない
35,2022,午前,35,,,,,,公式本文・選択肢・解説文は保存しない
35,2022,午前,36,,,,,,公式本文・選択肢・解説文は保存しない
35,2022,午前,37,,,,,,公式本文・選択肢・解説文は保存しない
35,2022,午前,38,,,,,,公式本文・選択肢・解説文は保存しない
35,2022,午前,39,,,,,,公式本文・選択肢・解説文は保存しない
35,2022,午前,40,,,,,,公式本文・選択肢・解説文は保存しない
35,2022,午前,41,,,,,,公式本文・選択肢・解説文は保存しない
35,2022,午前,42,,,,,,公式本文・選択肢・解説文は保存しない
35,2022,午前,43,,,,,,公式本文・選択肢・解説文は保存しない
35,2022,午前,44,,,,,,公式本文・選択肢・解説文は保存しない
35,2022,午前,45,,,,,,公式本文・選択肢・解説文は保存しない
35,2022,午前,46,,,,,,公式本文・選択肢・解説文は保存しない
35,2022,午前,47,,,,,,公式本文・選択肢・解説文は保存しない
35,2022,午前,48,,,,,,公式本文・選択肢・解説文は保存しない
35,2022,午前,49,,,,,,公式本文・選択肢・解説文は保存しない
35,2022,午前,50,,,,,,公式本文・選択肢・解説文は保存しない
35,2022,午前,51,,,,,,公式本文・選択肢・解説文は保存しない
35,2022,午前,52,,,,,,公式本文・選択肢・解説文は保存しない
35,2022,午前,53,,,,,,公式本文・選択肢・解説文は保存しない
35,2022,午前,54,,,,,,公式本文・選択肢・解説文は保存しない
35,2022,午前,55,,,,,,公式本文・選択肢・解説文は保存しない
35,2022,午前,56,,,,,,公式本文・選択肢・解説文は保存しない
35,2022,午前,57,,,,,,公式本文・選択肢・解説文は保存しない
35,2022,午前,58,,,,,,公式本文・選択肢・解説文は保存しない
35,2022,午前,59,,,,,,公式本文・選択肢・解説文は保存しない
35,2022,午前,60,,,,,,公式本文・選択肢・解説文は保存しない
35,2022,午前,61,,,,,,公式本文・選択肢・解説文は保存しない
35,2022,午前,62,,,,,,公式本文・選択肢・解説文は保存しない
35,2022,午前,63,,,,,,公式本文・選択肢・解説文は保存しない
35,2022,午前,64,,,,,,公式本文・選択肢・解説文は保存しない
35,2022,午前,65,,,,,,公式本文・選択肢・解説文は保存しない
35,2022,午前,66,,,,,,公式本文・選択肢・解説文は保存しない
35,2022,午前,67,,,,,,公式本文・選択肢・解説文は保存しない
35,2022,午前,68,,,,,,公式本文・選択肢・解説文は保存しない
35,2022,午前,69,,,,,,公式本文・選択肢・解説文は保存しない
35,2022,午前,70,,,,,,公式本文・選択肢・解説文は保存しない
35,2022,午前,71,,,,,,公式本文・選択肢・解説文は保存しない
35,2022,午前,72,,,,,,公式本文・選択肢・解説文は保存しない
35,2022,午前,73,,,,,,公式本文・選択肢・解説文は保存しない
35,2022,午前,74,,,,,,公式本文・選択肢・解説文は保存しない
35,2022,午前,75,,,,,,公式本文・選択肢・解説文は保存しない
35,2022,午前,76,,,,,,公式本文・選択肢・解説文は保存しない
35,2022,午前,77,,,,,,公式本文・選択肢・解説文は保存しない
35,2022,午前,78,,,,,,公式本文・選択肢・解説文は保存しない
35,2022,午前,79,,,,,,公式本文・選択肢・解説文は保存しない
35,2022,午前,80,,,,,,公式本文・選択肢・解説文は保存しない
35,2022,午前,81,,,,,,公式本文・選択肢・解説文は保存しない
35,2022,午前,82,,,,,,公式本文・選択肢・解説文は保存しない
35,2022,午前,83,,,,,,公式本文・選択肢・解説文は保存しない
35,2022,午前,84,,,,,,公式本文・選択肢・解説文は保存しない
35,2022,午前,85,,,,,,公式本文・選択肢・解説文は保存しない
35,2022,午前,86,,,,,,公式本文・選択肢・解説文は保存しない
35,2022,午前,87,,,,,,公式本文・選択肢・解説文は保存しない
35,2022,午前,88,,,,,,公式本文・選択肢・解説文は保存しない
35,2022,午前,89,,,,,,公式本文・選択肢・解説文は保存しない
35,2022,午前,90,,,,,,公式本文・選択肢・解説文は保存しない
35,2022,午後,1,,,,,,公式本文・選択肢・解説文は保存しない
35,2022,午後,2,,,,,,公式本文・選択肢・解説文は保存しない
35,2022,午後,3,,,,,,公式本文・選択肢・解説文は保存しない
35,2022,午後,4,,,,,,公式本文・選択肢・解説文は保存しない
35,2022,午後,5,,,,,,公式本文・選択肢・解説文は保存しない
35,2022,午後,6,,,,,,公式本文・選択肢・解説文は保存しない
35,2022,午後,7,,,,,,公式本文・選択肢・解説文は保存しない
35,2022,午後,8,,,,,,公式本文・選択肢・解説文は保存しない
35,2022,午後,9,,,,,,公式本文・選択肢・解説文は保存しない
35,2022,午後,10,,,,,,公式本文・選択肢・解説文は保存しない
35,2022,午後,11,,,,,,公式本文・選択肢・解説文は保存しない
35,2022,午後,12,,,,,,公式本文・選択肢・解説文は保存しない
35,2022,午後,13,,,,,,公式本文・選択肢・解説文は保存しない
35,2022,午後,14,,,,,,公式本文・選択肢・解説文は保存しない
35,2022,午後,15,,,,,,公式本文・選択肢・解説文は保存しない
35,2022,午後,16,,,,,,公式本文・選択肢・解説文は保存しない
35,2022,午後,17,,,,,,公式本文・選択肢・解説文は保存しない
35,2022,午後,18,,,,,,公式本文・選択肢・解説文は保存しない
35,2022,午後,19,,,,,,公式本文・選択肢・解説文は保存しない
35,2022,午後,20,,,,,,公式本文・選択肢・解説文は保存しない
35,2022,午後,21,,,,,,公式本文・選択肢・解説文は保存しない
35,2022,午後,22,,,,,,公式本文・選択肢・解説文は保存しない
35,2022,午後,23,,,,,,公式本文・選択肢・解説文は保存しない
35,2022,午後,24,,,,,,公式本文・選択肢・解説文は保存しない
35,2022,午後,25,,,,,,公式本文・選択肢・解説文は保存しない
35,2022,午後,26,,,,,,公式本文・選択肢・解説文は保存しない
35,2022,午後,27,,,,,,公式本文・選択肢・解説文は保存しない
35,2022,午後,28,,,,,,公式本文・選択肢・解説文は保存しない
35,2022,午後,29,,,,,,公式本文・選択肢・解説文は保存しない
35,2022,午後,30,,,,,,公式本文・選択肢・解説文は保存しない
35,2022,午後,31,,,,,,公式本文・選択肢・解説文は保存しない
35,2022,午後,32,,,,,,公式本文・選択肢・解説文は保存しない
35,2022,午後,33,,,,,,公式本文・選択肢・解説文は保存しない
35,2022,午後,34,,,,,,公式本文・選択肢・解説文は保存しない
35,2022,午後,35,,,,,,公式本文・選択肢・解説文は保存しない
35,2022,午後,36,,,,,,公式本文・選択肢・解説文は保存しない
35,2022,午後,37,,,,,,公式本文・選択肢・解説文は保存しない
35,2022,午後,38,,,,,,公式本文・選択肢・解説文は保存しない
35,2022,午後,39,,,,,,公式本文・選択肢・解説文は保存しない
35,2022,午後,40,,,,,,公式本文・選択肢・解説文は保存しない
35,2022,午後,41,,,,,,公式本文・選択肢・解説文は保存しない
35,2022,午後,42,,,,,,公式本文・選択肢・解説文は保存しない
35,2022,午後,43,,,,,,公式本文・選択肢・解説文は保存しない
35,2022,午後,44,,,,,,公式本文・選択肢・解説文は保存しない
35,2022,午後,45,,,,,,公式本文・選択肢・解説文は保存しない
35,2022,午後,46,,,,,,公式本文・選択肢・解説文は保存しない
35,2022,午後,47,,,,,,公式本文・選択肢・解説文は保存しない
35,2022,午後,48,,,,,,公式本文・選択肢・解説文は保存しない
35,2022,午後,49,,,,,,公式本文・選択肢・解説文は保存しない
35,2022,午後,50,,,,,,公式本文・選択肢・解説文は保存しない
35,2022,午後,51,,,,,,公式本文・選択肢・解説文は保存しない
35,2022,午後,52,,,,,,公式本文・選択肢・解説文は保存しない
35,2022,午後,53,,,,,,公式本文・選択肢・解説文は保存しない
35,2022,午後,54,,,,,,公式本文・選択肢・解説文は保存しない
35,2022,午後,55,,,,,,公式本文・選択肢・解説文は保存しない
35,2022,午後,56,,,,,,公式本文・選択肢・解説文は保存しない
35,2022,午後,57,,,,,,公式本文・選択肢・解説文は保存しない
35,2022,午後,58,,,,,,公式本文・選択肢・解説文は保存しない
35,2022,午後,59,,,,,,公式本文・選択肢・解説文は保存しない
35,2022,午後,60,,,,,,公式本文・選択肢・解説文は保存しない
35,2022,午後,61,,,,,,公式本文・選択肢・解説文は保存しない
35,2022,午後,62,,,,,,公式本文・選択肢・解説文は保存しない
35,2022,午後,63,,,,,,公式本文・選択肢・解説文は保存しない
35,2022,午後,64,,,,,,公式本文・選択肢・解説文は保存しない
35,2022,午後,65,,,,,,公式本文・選択肢・解説文は保存しない
35,2022,午後,66,,,,,,公式本文・選択肢・解説文は保存しない
35,2022,午後,67,,,,,,公式本文・選択肢・解説文は保存しない
35,2022,午後,68,,,,,,公式本文・選択肢・解説文は保存しない
35,2022,午後,69,,,,,,公式本文・選択肢・解説文は保存しない
35,2022,午後,70,,,,,,公式本文・選択肢・解説文は保存しない
35,2022,午後,71,,,,,,公式本文・選択肢・解説文は保存しない
35,2022,午後,72,,,,,,公式本文・選択肢・解説文は保存しない
35,2022,午後,73,,,,,,公式本文・選択肢・解説文は保存しない
35,2022,午後,74,,,,,,公式本文・選択肢・解説文は保存しない
35,2022,午後,75,,,,,,公式本文・選択肢・解説文は保存しない
35,2022,午後,76,,,,,,公式本文・選択肢・解説文は保存しない
35,2022,午後,77,,,,,,公式本文・選択肢・解説文は保存しない
35,2022,午後,78,,,,,,公式本文・選択肢・解説文は保存しない
35,2022,午後,79,,,,,,公式本文・選択肢・解説文は保存しない
35,2022,午後,80,,,,,,公式本文・選択肢・解説文は保存しない
35,2022,午後,81,,,,,,公式本文・選択肢・解説文は保存しない
35,2022,午後,82,,,,,,公式本文・選択肢・解説文は保存しない
35,2022,午後,83,,,,,,公式本文・選択肢・解説文は保存しない
35,2022,午後,84,,,,,,公式本文・選択肢・解説文は保存しない
35,2022,午後,85,,,,,,公式本文・選択肢・解説文は保存しない
35,2022,午後,86,,,,,,公式本文・選択肢・解説文は保存しない
35,2022,午後,87,,,,,,公式本文・選択肢・解説文は保存しない
35,2022,午後,88,,,,,,公式本文・選択肢・解説文は保存しない
35,2022,午後,89,,,,,,公式本文・選択肢・解説文は保存しない
35,2022,午後,90,,,,,,公式本文・選択肢・解説文は保存しない
36,2023,午前,1,,,,,,公式本文・選択肢・解説文は保存しない
36,2023,午前,2,,,,,,公式本文・選択肢・解説文は保存しない
36,2023,午前,3,,,,,,公式本文・選択肢・解説文は保存しない
36,2023,午前,4,,,,,,公式本文・選択肢・解説文は保存しない
36,2023,午前,5,,,,,,公式本文・選択肢・解説文は保存しない
36,2023,午前,6,,,,,,公式本文・選択肢・解説文は保存しない
36,2023,午前,7,,,,,,公式本文・選択肢・解説文は保存しない
36,2023,午前,8,,,,,,公式本文・選択肢・解説文は保存しない
36,2023,午前,9,,,,,,公式本文・選択肢・解説文は保存しない
36,2023,午前,10,,,,,,公式本文・選択肢・解説文は保存しない
36,2023,午前,11,,,,,,公式本文・選択肢・解説文は保存しない
36,2023,午前,12,,,,,,公式本文・選択肢・解説文は保存しない
36,2023,午前,13,,,,,,公式本文・選択肢・解説文は保存しない
36,2023,午前,14,,,,,,公式本文・選択肢・解説文は保存しない
36,2023,午前,15,,,,,,公式本文・選択肢・解説文は保存しない
36,2023,午前,16,,,,,,公式本文・選択肢・解説文は保存しない
36,2023,午前,17,,,,,,公式本文・選択肢・解説文は保存しない
36,2023,午前,18,,,,,,公式本文・選択肢・解説文は保存しない
36,2023,午前,19,,,,,,公式本文・選択肢・解説文は保存しない
36,2023,午前,20,,,,,,公式本文・選択肢・解説文は保存しない
36,2023,午前,21,,,,,,公式本文・選択肢・解説文は保存しない
36,2023,午前,22,,,,,,公式本文・選択肢・解説文は保存しない
36,2023,午前,23,,,,,,公式本文・選択肢・解説文は保存しない
36,2023,午前,24,,,,,,公式本文・選択肢・解説文は保存しない
36,2023,午前,25,,,,,,公式本文・選択肢・解説文は保存しない
36,2023,午前,26,,,,,,公式本文・選択肢・解説文は保存しない
36,2023,午前,27,,,,,,公式本文・選択肢・解説文は保存しない
36,2023,午前,28,,,,,,公式本文・選択肢・解説文は保存しない
36,2023,午前,29,,,,,,公式本文・選択肢・解説文は保存しない
36,2023,午前,30,,,,,,公式本文・選択肢・解説文は保存しない
36,2023,午前,31,,,,,,公式本文・選択肢・解説文は保存しない
36,2023,午前,32,,,,,,公式本文・選択肢・解説文は保存しない
36,2023,午前,33,,,,,,公式本文・選択肢・解説文は保存しない
36,2023,午前,34,,,,,,公式本文・選択肢・解説文は保存しない
36,2023,午前,35,,,,,,公式本文・選択肢・解説文は保存しない
36,2023,午前,36,,,,,,公式本文・選択肢・解説文は保存しない
36,2023,午前,37,,,,,,公式本文・選択肢・解説文は保存しない
36,2023,午前,38,,,,,,公式本文・選択肢・解説文は保存しない
36,2023,午前,39,,,,,,公式本文・選択肢・解説文は保存しない
36,2023,午前,40,,,,,,公式本文・選択肢・解説文は保存しない
36,2023,午前,41,,,,,,公式本文・選択肢・解説文は保存しない
36,2023,午前,42,,,,,,公式本文・選択肢・解説文は保存しない
36,2023,午前,43,,,,,,公式本文・選択肢・解説文は保存しない
36,2023,午前,44,,,,,,公式本文・選択肢・解説文は保存しない
36,2023,午前,45,,,,,,公式本文・選択肢・解説文は保存しない
36,2023,午前,46,,,,,,公式本文・選択肢・解説文は保存しない
36,2023,午前,47,,,,,,公式本文・選択肢・解説文は保存しない
36,2023,午前,48,,,,,,公式本文・選択肢・解説文は保存しない
36,2023,午前,49,,,,,,公式本文・選択肢・解説文は保存しない
36,2023,午前,50,,,,,,公式本文・選択肢・解説文は保存しない
36,2023,午前,51,,,,,,公式本文・選択肢・解説文は保存しない
36,2023,午前,52,,,,,,公式本文・選択肢・解説文は保存しない
36,2023,午前,53,,,,,,公式本文・選択肢・解説文は保存しない
36,2023,午前,54,,,,,,公式本文・選択肢・解説文は保存しない
36,2023,午前,55,,,,,,公式本文・選択肢・解説文は保存しない
36,2023,午前,56,,,,,,公式本文・選択肢・解説文は保存しない
36,2023,午前,57,,,,,,公式本文・選択肢・解説文は保存しない
36,2023,午前,58,,,,,,公式本文・選択肢・解説文は保存しない
36,2023,午前,59,,,,,,公式本文・選択肢・解説文は保存しない
36,2023,午前,60,,,,,,公式本文・選択肢・解説文は保存しない
36,2023,午前,61,,,,,,公式本文・選択肢・解説文は保存しない
36,2023,午前,62,,,,,,公式本文・選択肢・解説文は保存しない
36,2023,午前,63,,,,,,公式本文・選択肢・解説文は保存しない
36,2023,午前,64,,,,,,公式本文・選択肢・解説文は保存しない
36,2023,午前,65,,,,,,公式本文・選択肢・解説文は保存しない
36,2023,午前,66,,,,,,公式本文・選択肢・解説文は保存しない
36,2023,午前,67,,,,,,公式本文・選択肢・解説文は保存しない
36,2023,午前,68,,,,,,公式本文・選択肢・解説文は保存しない
36,2023,午前,69,,,,,,公式本文・選択肢・解説文は保存しない
36,2023,午前,70,,,,,,公式本文・選択肢・解説文は保存しない
36,2023,午前,71,,,,,,公式本文・選択肢・解説文は保存しない
36,2023,午前,72,,,,,,公式本文・選択肢・解説文は保存しない
36,2023,午前,73,,,,,,公式本文・選択肢・解説文は保存しない
36,2023,午前,74,,,,,,公式本文・選択肢・解説文は保存しない
36,2023,午前,75,,,,,,公式本文・選択肢・解説文は保存しない
36,2023,午前,76,,,,,,公式本文・選択肢・解説文は保存しない
36,2023,午前,77,,,,,,公式本文・選択肢・解説文は保存しない
36,2023,午前,78,,,,,,公式本文・選択肢・解説文は保存しない
36,2023,午前,79,,,,,,公式本文・選択肢・解説文は保存しない
36,2023,午前,80,,,,,,公式本文・選択肢・解説文は保存しない
36,2023,午前,81,,,,,,公式本文・選択肢・解説文は保存しない
36,2023,午前,82,,,,,,公式本文・選択肢・解説文は保存しない
36,2023,午前,83,,,,,,公式本文・選択肢・解説文は保存しない
36,2023,午前,84,,,,,,公式本文・選択肢・解説文は保存しない
36,2023,午前,85,,,,,,公式本文・選択肢・解説文は保存しない
36,2023,午前,86,,,,,,公式本文・選択肢・解説文は保存しない
36,2023,午前,87,,,,,,公式本文・選択肢・解説文は保存しない
36,2023,午前,88,,,,,,公式本文・選択肢・解説文は保存しない
36,2023,午前,89,,,,,,公式本文・選択肢・解説文は保存しない
36,2023,午前,90,,,,,,公式本文・選択肢・解説文は保存しない
36,2023,午後,1,,,,,,公式本文・選択肢・解説文は保存しない
36,2023,午後,2,,,,,,公式本文・選択肢・解説文は保存しない
36,2023,午後,3,,,,,,公式本文・選択肢・解説文は保存しない
36,2023,午後,4,,,,,,公式本文・選択肢・解説文は保存しない
36,2023,午後,5,,,,,,公式本文・選択肢・解説文は保存しない
36,2023,午後,6,,,,,,公式本文・選択肢・解説文は保存しない
36,2023,午後,7,,,,,,公式本文・選択肢・解説文は保存しない
36,2023,午後,8,,,,,,公式本文・選択肢・解説文は保存しない
36,2023,午後,9,,,,,,公式本文・選択肢・解説文は保存しない
36,2023,午後,10,,,,,,公式本文・選択肢・解説文は保存しない
36,2023,午後,11,,,,,,公式本文・選択肢・解説文は保存しない
36,2023,午後,12,,,,,,公式本文・選択肢・解説文は保存しない
36,2023,午後,13,,,,,,公式本文・選択肢・解説文は保存しない
36,2023,午後,14,,,,,,公式本文・選択肢・解説文は保存しない
36,2023,午後,15,,,,,,公式本文・選択肢・解説文は保存しない
36,2023,午後,16,,,,,,公式本文・選択肢・解説文は保存しない
36,2023,午後,17,,,,,,公式本文・選択肢・解説文は保存しない
36,2023,午後,18,,,,,,公式本文・選択肢・解説文は保存しない
36,2023,午後,19,,,,,,公式本文・選択肢・解説文は保存しない
36,2023,午後,20,,,,,,公式本文・選択肢・解説文は保存しない
36,2023,午後,21,,,,,,公式本文・選択肢・解説文は保存しない
36,2023,午後,22,,,,,,公式本文・選択肢・解説文は保存しない
36,2023,午後,23,,,,,,公式本文・選択肢・解説文は保存しない
36,2023,午後,24,,,,,,公式本文・選択肢・解説文は保存しない
36,2023,午後,25,,,,,,公式本文・選択肢・解説文は保存しない
36,2023,午後,26,,,,,,公式本文・選択肢・解説文は保存しない
36,2023,午後,27,,,,,,公式本文・選択肢・解説文は保存しない
36,2023,午後,28,,,,,,公式本文・選択肢・解説文は保存しない
36,2023,午後,29,,,,,,公式本文・選択肢・解説文は保存しない
36,2023,午後,30,,,,,,公式本文・選択肢・解説文は保存しない
36,2023,午後,31,,,,,,公式本文・選択肢・解説文は保存しない
36,2023,午後,32,,,,,,公式本文・選択肢・解説文は保存しない
36,2023,午後,33,,,,,,公式本文・選択肢・解説文は保存しない
36,2023,午後,34,,,,,,公式本文・選択肢・解説文は保存しない
36,2023,午後,35,,,,,,公式本文・選択肢・解説文は保存しない
36,2023,午後,36,,,,,,公式本文・選択肢・解説文は保存しない
36,2023,午後,37,,,,,,公式本文・選択肢・解説文は保存しない
36,2023,午後,38,,,,,,公式本文・選択肢・解説文は保存しない
36,2023,午後,39,,,,,,公式本文・選択肢・解説文は保存しない
36,2023,午後,40,,,,,,公式本文・選択肢・解説文は保存しない
36,2023,午後,41,,,,,,公式本文・選択肢・解説文は保存しない
36,2023,午後,42,,,,,,公式本文・選択肢・解説文は保存しない
36,2023,午後,43,,,,,,公式本文・選択肢・解説文は保存しない
36,2023,午後,44,,,,,,公式本文・選択肢・解説文は保存しない
36,2023,午後,45,,,,,,公式本文・選択肢・解説文は保存しない
36,2023,午後,46,,,,,,公式本文・選択肢・解説文は保存しない
36,2023,午後,47,,,,,,公式本文・選択肢・解説文は保存しない
36,2023,午後,48,,,,,,公式本文・選択肢・解説文は保存しない
36,2023,午後,49,,,,,,公式本文・選択肢・解説文は保存しない
36,2023,午後,50,,,,,,公式本文・選択肢・解説文は保存しない
36,2023,午後,51,,,,,,公式本文・選択肢・解説文は保存しない
36,2023,午後,52,,,,,,公式本文・選択肢・解説文は保存しない
36,2023,午後,53,,,,,,公式本文・選択肢・解説文は保存しない
36,2023,午後,54,,,,,,公式本文・選択肢・解説文は保存しない
36,2023,午後,55,,,,,,公式本文・選択肢・解説文は保存しない
36,2023,午後,56,,,,,,公式本文・選択肢・解説文は保存しない
36,2023,午後,57,,,,,,公式本文・選択肢・解説文は保存しない
36,2023,午後,58,,,,,,公式本文・選択肢・解説文は保存しない
36,2023,午後,59,,,,,,公式本文・選択肢・解説文は保存しない
36,2023,午後,60,,,,,,公式本文・選択肢・解説文は保存しない
36,2023,午後,61,,,,,,公式本文・選択肢・解説文は保存しない
36,2023,午後,62,,,,,,公式本文・選択肢・解説文は保存しない
36,2023,午後,63,,,,,,公式本文・選択肢・解説文は保存しない
36,2023,午後,64,,,,,,公式本文・選択肢・解説文は保存しない
36,2023,午後,65,,,,,,公式本文・選択肢・解説文は保存しない
36,2023,午後,66,,,,,,公式本文・選択肢・解説文は保存しない
36,2023,午後,67,,,,,,公式本文・選択肢・解説文は保存しない
36,2023,午後,68,,,,,,公式本文・選択肢・解説文は保存しない
36,2023,午後,69,,,,,,公式本文・選択肢・解説文は保存しない
36,2023,午後,70,,,,,,公式本文・選択肢・解説文は保存しない
36,2023,午後,71,,,,,,公式本文・選択肢・解説文は保存しない
36,2023,午後,72,,,,,,公式本文・選択肢・解説文は保存しない
36,2023,午後,73,,,,,,公式本文・選択肢・解説文は保存しない
36,2023,午後,74,,,,,,公式本文・選択肢・解説文は保存しない
36,2023,午後,75,,,,,,公式本文・選択肢・解説文は保存しない
36,2023,午後,76,,,,,,公式本文・選択肢・解説文は保存しない
36,2023,午後,77,,,,,,公式本文・選択肢・解説文は保存しない
36,2023,午後,78,,,,,,公式本文・選択肢・解説文は保存しない
36,2023,午後,79,,,,,,公式本文・選択肢・解説文は保存しない
36,2023,午後,80,,,,,,公式本文・選択肢・解説文は保存しない
36,2023,午後,81,,,,,,公式本文・選択肢・解説文は保存しない
36,2023,午後,82,,,,,,公式本文・選択肢・解説文は保存しない
36,2023,午後,83,,,,,,公式本文・選択肢・解説文は保存しない
36,2023,午後,84,,,,,,公式本文・選択肢・解説文は保存しない
36,2023,午後,85,,,,,,公式本文・選択肢・解説文は保存しない
36,2023,午後,86,,,,,,公式本文・選択肢・解説文は保存しない
36,2023,午後,87,,,,,,公式本文・選択肢・解説文は保存しない
36,2023,午後,88,,,,,,公式本文・選択肢・解説文は保存しない
36,2023,午後,89,,,,,,公式本文・選択肢・解説文は保存しない
36,2023,午後,90,,,,,,公式本文・選択肢・解説文は保存しない
37,2024,午前,1,,,,,,公式本文・選択肢・解説文は保存しない
37,2024,午前,2,,,,,,公式本文・選択肢・解説文は保存しない
37,2024,午前,3,,,,,,公式本文・選択肢・解説文は保存しない
37,2024,午前,4,,,,,,公式本文・選択肢・解説文は保存しない
37,2024,午前,5,,,,,,公式本文・選択肢・解説文は保存しない
37,2024,午前,6,,,,,,公式本文・選択肢・解説文は保存しない
37,2024,午前,7,,,,,,公式本文・選択肢・解説文は保存しない
37,2024,午前,8,,,,,,公式本文・選択肢・解説文は保存しない
37,2024,午前,9,,,,,,公式本文・選択肢・解説文は保存しない
37,2024,午前,10,,,,,,公式本文・選択肢・解説文は保存しない
37,2024,午前,11,,,,,,公式本文・選択肢・解説文は保存しない
37,2024,午前,12,,,,,,公式本文・選択肢・解説文は保存しない
37,2024,午前,13,,,,,,公式本文・選択肢・解説文は保存しない
37,2024,午前,14,,,,,,公式本文・選択肢・解説文は保存しない
37,2024,午前,15,,,,,,公式本文・選択肢・解説文は保存しない
37,2024,午前,16,,,,,,公式本文・選択肢・解説文は保存しない
37,2024,午前,17,,,,,,公式本文・選択肢・解説文は保存しない
37,2024,午前,18,,,,,,公式本文・選択肢・解説文は保存しない
37,2024,午前,19,,,,,,公式本文・選択肢・解説文は保存しない
37,2024,午前,20,,,,,,公式本文・選択肢・解説文は保存しない
37,2024,午前,21,,,,,,公式本文・選択肢・解説文は保存しない
37,2024,午前,22,,,,,,公式本文・選択肢・解説文は保存しない
37,2024,午前,23,,,,,,公式本文・選択肢・解説文は保存しない
37,2024,午前,24,,,,,,公式本文・選択肢・解説文は保存しない
37,2024,午前,25,,,,,,公式本文・選択肢・解説文は保存しない
37,2024,午前,26,,,,,,公式本文・選択肢・解説文は保存しない
37,2024,午前,27,,,,,,公式本文・選択肢・解説文は保存しない
37,2024,午前,28,,,,,,公式本文・選択肢・解説文は保存しない
37,2024,午前,29,,,,,,公式本文・選択肢・解説文は保存しない
37,2024,午前,30,,,,,,公式本文・選択肢・解説文は保存しない
37,2024,午前,31,,,,,,公式本文・選択肢・解説文は保存しない
37,2024,午前,32,,,,,,公式本文・選択肢・解説文は保存しない
37,2024,午前,33,,,,,,公式本文・選択肢・解説文は保存しない
37,2024,午前,34,,,,,,公式本文・選択肢・解説文は保存しない
37,2024,午前,35,,,,,,公式本文・選択肢・解説文は保存しない
37,2024,午前,36,,,,,,公式本文・選択肢・解説文は保存しない
37,2024,午前,37,,,,,,公式本文・選択肢・解説文は保存しない
37,2024,午前,38,,,,,,公式本文・選択肢・解説文は保存しない
37,2024,午前,39,,,,,,公式本文・選択肢・解説文は保存しない
37,2024,午前,40,,,,,,公式本文・選択肢・解説文は保存しない
37,2024,午前,41,,,,,,公式本文・選択肢・解説文は保存しない
37,2024,午前,42,,,,,,公式本文・選択肢・解説文は保存しない
37,2024,午前,43,,,,,,公式本文・選択肢・解説文は保存しない
37,2024,午前,44,,,,,,公式本文・選択肢・解説文は保存しない
37,2024,午前,45,,,,,,公式本文・選択肢・解説文は保存しない
37,2024,午前,46,,,,,,公式本文・選択肢・解説文は保存しない
37,2024,午前,47,,,,,,公式本文・選択肢・解説文は保存しない
37,2024,午前,48,,,,,,公式本文・選択肢・解説文は保存しない
37,2024,午前,49,,,,,,公式本文・選択肢・解説文は保存しない
37,2024,午前,50,,,,,,公式本文・選択肢・解説文は保存しない
37,2024,午前,51,,,,,,公式本文・選択肢・解説文は保存しない
37,2024,午前,52,,,,,,公式本文・選択肢・解説文は保存しない
37,2024,午前,53,,,,,,公式本文・選択肢・解説文は保存しない
37,2024,午前,54,,,,,,公式本文・選択肢・解説文は保存しない
37,2024,午前,55,,,,,,公式本文・選択肢・解説文は保存しない
37,2024,午前,56,,,,,,公式本文・選択肢・解説文は保存しない
37,2024,午前,57,,,,,,公式本文・選択肢・解説文は保存しない
37,2024,午前,58,,,,,,公式本文・選択肢・解説文は保存しない
37,2024,午前,59,,,,,,公式本文・選択肢・解説文は保存しない
37,2024,午前,60,,,,,,公式本文・選択肢・解説文は保存しない
37,2024,午前,61,,,,,,公式本文・選択肢・解説文は保存しない
37,2024,午前,62,,,,,,公式本文・選択肢・解説文は保存しない
37,2024,午前,63,,,,,,公式本文・選択肢・解説文は保存しない
37,2024,午前,64,,,,,,公式本文・選択肢・解説文は保存しない
37,2024,午前,65,,,,,,公式本文・選択肢・解説文は保存しない
37,2024,午前,66,,,,,,公式本文・選択肢・解説文は保存しない
37,2024,午前,67,,,,,,公式本文・選択肢・解説文は保存しない
37,2024,午前,68,,,,,,公式本文・選択肢・解説文は保存しない
37,2024,午前,69,,,,,,公式本文・選択肢・解説文は保存しない
37,2024,午前,70,,,,,,公式本文・選択肢・解説文は保存しない
37,2024,午前,71,,,,,,公式本文・選択肢・解説文は保存しない
37,2024,午前,72,,,,,,公式本文・選択肢・解説文は保存しない
37,2024,午前,73,,,,,,公式本文・選択肢・解説文は保存しない
37,2024,午前,74,,,,,,公式本文・選択肢・解説文は保存しない
37,2024,午前,75,,,,,,公式本文・選択肢・解説文は保存しない
37,2024,午前,76,,,,,,公式本文・選択肢・解説文は保存しない
37,2024,午前,77,,,,,,公式本文・選択肢・解説文は保存しない
37,2024,午前,78,,,,,,公式本文・選択肢・解説文は保存しない
37,2024,午前,79,,,,,,公式本文・選択肢・解説文は保存しない
37,2024,午前,80,,,,,,公式本文・選択肢・解説文は保存しない
37,2024,午前,81,,,,,,公式本文・選択肢・解説文は保存しない
37,2024,午前,82,,,,,,公式本文・選択肢・解説文は保存しない
37,2024,午前,83,,,,,,公式本文・選択肢・解説文は保存しない
37,2024,午前,84,,,,,,公式本文・選択肢・解説文は保存しない
37,2024,午前,85,,,,,,公式本文・選択肢・解説文は保存しない
37,2024,午前,86,,,,,,公式本文・選択肢・解説文は保存しない
37,2024,午前,87,,,,,,公式本文・選択肢・解説文は保存しない
37,2024,午前,88,,,,,,公式本文・選択肢・解説文は保存しない
37,2024,午前,89,,,,,,公式本文・選択肢・解説文は保存しない
37,2024,午前,90,,,,,,公式本文・選択肢・解説文は保存しない
37,2024,午後,1,,,,,,公式本文・選択肢・解説文は保存しない
37,2024,午後,2,,,,,,公式本文・選択肢・解説文は保存しない
37,2024,午後,3,,,,,,公式本文・選択肢・解説文は保存しない
37,2024,午後,4,,,,,,公式本文・選択肢・解説文は保存しない
37,2024,午後,5,,,,,,公式本文・選択肢・解説文は保存しない
37,2024,午後,6,,,,,,公式本文・選択肢・解説文は保存しない
37,2024,午後,7,,,,,,公式本文・選択肢・解説文は保存しない
37,2024,午後,8,,,,,,公式本文・選択肢・解説文は保存しない
37,2024,午後,9,,,,,,公式本文・選択肢・解説文は保存しない
37,2024,午後,10,,,,,,公式本文・選択肢・解説文は保存しない
37,2024,午後,11,,,,,,公式本文・選択肢・解説文は保存しない
37,2024,午後,12,,,,,,公式本文・選択肢・解説文は保存しない
37,2024,午後,13,,,,,,公式本文・選択肢・解説文は保存しない
37,2024,午後,14,,,,,,公式本文・選択肢・解説文は保存しない
37,2024,午後,15,,,,,,公式本文・選択肢・解説文は保存しない
37,2024,午後,16,,,,,,公式本文・選択肢・解説文は保存しない
37,2024,午後,17,,,,,,公式本文・選択肢・解説文は保存しない
37,2024,午後,18,,,,,,公式本文・選択肢・解説文は保存しない
37,2024,午後,19,,,,,,公式本文・選択肢・解説文は保存しない
37,2024,午後,20,,,,,,公式本文・選択肢・解説文は保存しない
37,2024,午後,21,,,,,,公式本文・選択肢・解説文は保存しない
37,2024,午後,22,,,,,,公式本文・選択肢・解説文は保存しない
37,2024,午後,23,,,,,,公式本文・選択肢・解説文は保存しない
37,2024,午後,24,,,,,,公式本文・選択肢・解説文は保存しない
37,2024,午後,25,,,,,,公式本文・選択肢・解説文は保存しない
37,2024,午後,26,,,,,,公式本文・選択肢・解説文は保存しない
37,2024,午後,27,,,,,,公式本文・選択肢・解説文は保存しない
37,2024,午後,28,,,,,,公式本文・選択肢・解説文は保存しない
37,2024,午後,29,,,,,,公式本文・選択肢・解説文は保存しない
37,2024,午後,30,,,,,,公式本文・選択肢・解説文は保存しない
37,2024,午後,31,,,,,,公式本文・選択肢・解説文は保存しない
37,2024,午後,32,,,,,,公式本文・選択肢・解説文は保存しない
37,2024,午後,33,,,,,,公式本文・選択肢・解説文は保存しない
37,2024,午後,34,,,,,,公式本文・選択肢・解説文は保存しない
37,2024,午後,35,,,,,,公式本文・選択肢・解説文は保存しない
37,2024,午後,36,,,,,,公式本文・選択肢・解説文は保存しない
37,2024,午後,37,,,,,,公式本文・選択肢・解説文は保存しない
37,2024,午後,38,,,,,,公式本文・選択肢・解説文は保存しない
37,2024,午後,39,,,,,,公式本文・選択肢・解説文は保存しない
37,2024,午後,40,,,,,,公式本文・選択肢・解説文は保存しない
37,2024,午後,41,,,,,,公式本文・選択肢・解説文は保存しない
37,2024,午後,42,,,,,,公式本文・選択肢・解説文は保存しない
37,2024,午後,43,,,,,,公式本文・選択肢・解説文は保存しない
37,2024,午後,44,,,,,,公式本文・選択肢・解説文は保存しない
37,2024,午後,45,,,,,,公式本文・選択肢・解説文は保存しない
37,2024,午後,46,,,,,,公式本文・選択肢・解説文は保存しない
37,2024,午後,47,,,,,,公式本文・選択肢・解説文は保存しない
37,2024,午後,48,,,,,,公式本文・選択肢・解説文は保存しない
37,2024,午後,49,,,,,,公式本文・選択肢・解説文は保存しない
37,2024,午後,50,,,,,,公式本文・選択肢・解説文は保存しない
37,2024,午後,51,,,,,,公式本文・選択肢・解説文は保存しない
37,2024,午後,52,,,,,,公式本文・選択肢・解説文は保存しない
37,2024,午後,53,,,,,,公式本文・選択肢・解説文は保存しない
37,2024,午後,54,,,,,,公式本文・選択肢・解説文は保存しない
37,2024,午後,55,,,,,,公式本文・選択肢・解説文は保存しない
37,2024,午後,56,,,,,,公式本文・選択肢・解説文は保存しない
37,2024,午後,57,,,,,,公式本文・選択肢・解説文は保存しない
37,2024,午後,58,,,,,,公式本文・選択肢・解説文は保存しない
37,2024,午後,59,,,,,,公式本文・選択肢・解説文は保存しない
37,2024,午後,60,,,,,,公式本文・選択肢・解説文は保存しない
37,2024,午後,61,,,,,,公式本文・選択肢・解説文は保存しない
37,2024,午後,62,,,,,,公式本文・選択肢・解説文は保存しない
37,2024,午後,63,,,,,,公式本文・選択肢・解説文は保存しない
37,2024,午後,64,,,,,,公式本文・選択肢・解説文は保存しない
37,2024,午後,65,,,,,,公式本文・選択肢・解説文は保存しない
37,2024,午後,66,,,,,,公式本文・選択肢・解説文は保存しない
37,2024,午後,67,,,,,,公式本文・選択肢・解説文は保存しない
37,2024,午後,68,,,,,,公式本文・選択肢・解説文は保存しない
37,2024,午後,69,,,,,,公式本文・選択肢・解説文は保存しない
37,2024,午後,70,,,,,,公式本文・選択肢・解説文は保存しない
37,2024,午後,71,,,,,,公式本文・選択肢・解説文は保存しない
37,2024,午後,72,,,,,,公式本文・選択肢・解説文は保存しない
37,2024,午後,73,,,,,,公式本文・選択肢・解説文は保存しない
37,2024,午後,74,,,,,,公式本文・選択肢・解説文は保存しない
37,2024,午後,75,,,,,,公式本文・選択肢・解説文は保存しない
37,2024,午後,76,,,,,,公式本文・選択肢・解説文は保存しない
37,2024,午後,77,,,,,,公式本文・選択肢・解説文は保存しない
37,2024,午後,78,,,,,,公式本文・選択肢・解説文は保存しない
37,2024,午後,79,,,,,,公式本文・選択肢・解説文は保存しない
37,2024,午後,80,,,,,,公式本文・選択肢・解説文は保存しない
37,2024,午後,81,,,,,,公式本文・選択肢・解説文は保存しない
37,2024,午後,82,,,,,,公式本文・選択肢・解説文は保存しない
37,2024,午後,83,,,,,,公式本文・選択肢・解説文は保存しない
37,2024,午後,84,,,,,,公式本文・選択肢・解説文は保存しない
37,2024,午後,85,,,,,,公式本文・選択肢・解説文は保存しない
37,2024,午後,86,,,,,,公式本文・選択肢・解説文は保存しない
37,2024,午後,87,,,,,,公式本文・選択肢・解説文は保存しない
37,2024,午後,88,,,,,,公式本文・選択肢・解説文は保存しない
37,2024,午後,89,,,,,,公式本文・選択肢・解説文は保存しない
37,2024,午後,90,,,,,,公式本文・選択肢・解説文は保存しない
38,2025,午前,1,,,,,,公式本文・選択肢・解説文は保存しない
38,2025,午前,2,,,,,,公式本文・選択肢・解説文は保存しない
38,2025,午前,3,,,,,,公式本文・選択肢・解説文は保存しない
38,2025,午前,4,,,,,,公式本文・選択肢・解説文は保存しない
38,2025,午前,5,,,,,,公式本文・選択肢・解説文は保存しない
38,2025,午前,6,,,,,,公式本文・選択肢・解説文は保存しない
38,2025,午前,7,,,,,,公式本文・選択肢・解説文は保存しない
38,2025,午前,8,,,,,,公式本文・選択肢・解説文は保存しない
38,2025,午前,9,,,,,,公式本文・選択肢・解説文は保存しない
38,2025,午前,10,,,,,,公式本文・選択肢・解説文は保存しない
38,2025,午前,11,,,,,,公式本文・選択肢・解説文は保存しない
38,2025,午前,12,,,,,,公式本文・選択肢・解説文は保存しない
38,2025,午前,13,,,,,,公式本文・選択肢・解説文は保存しない
38,2025,午前,14,,,,,,公式本文・選択肢・解説文は保存しない
38,2025,午前,15,,,,,,公式本文・選択肢・解説文は保存しない
38,2025,午前,16,,,,,,公式本文・選択肢・解説文は保存しない
38,2025,午前,17,,,,,,公式本文・選択肢・解説文は保存しない
38,2025,午前,18,,,,,,公式本文・選択肢・解説文は保存しない
38,2025,午前,19,,,,,,公式本文・選択肢・解説文は保存しない
38,2025,午前,20,,,,,,公式本文・選択肢・解説文は保存しない
38,2025,午前,21,,,,,,公式本文・選択肢・解説文は保存しない
38,2025,午前,22,,,,,,公式本文・選択肢・解説文は保存しない
38,2025,午前,23,,,,,,公式本文・選択肢・解説文は保存しない
38,2025,午前,24,,,,,,公式本文・選択肢・解説文は保存しない
38,2025,午前,25,,,,,,公式本文・選択肢・解説文は保存しない
38,2025,午前,26,,,,,,公式本文・選択肢・解説文は保存しない
38,2025,午前,27,,,,,,公式本文・選択肢・解説文は保存しない
38,2025,午前,28,,,,,,公式本文・選択肢・解説文は保存しない
38,2025,午前,29,,,,,,公式本文・選択肢・解説文は保存しない
38,2025,午前,30,,,,,,公式本文・選択肢・解説文は保存しない
38,2025,午前,31,,,,,,公式本文・選択肢・解説文は保存しない
38,2025,午前,32,,,,,,公式本文・選択肢・解説文は保存しない
38,2025,午前,33,,,,,,公式本文・選択肢・解説文は保存しない
38,2025,午前,34,,,,,,公式本文・選択肢・解説文は保存しない
38,2025,午前,35,,,,,,公式本文・選択肢・解説文は保存しない
38,2025,午前,36,,,,,,公式本文・選択肢・解説文は保存しない
38,2025,午前,37,,,,,,公式本文・選択肢・解説文は保存しない
38,2025,午前,38,,,,,,公式本文・選択肢・解説文は保存しない
38,2025,午前,39,,,,,,公式本文・選択肢・解説文は保存しない
38,2025,午前,40,,,,,,公式本文・選択肢・解説文は保存しない
38,2025,午前,41,,,,,,公式本文・選択肢・解説文は保存しない
38,2025,午前,42,,,,,,公式本文・選択肢・解説文は保存しない
38,2025,午前,43,,,,,,公式本文・選択肢・解説文は保存しない
38,2025,午前,44,,,,,,公式本文・選択肢・解説文は保存しない
38,2025,午前,45,,,,,,公式本文・選択肢・解説文は保存しない
38,2025,午前,46,,,,,,公式本文・選択肢・解説文は保存しない
38,2025,午前,47,,,,,,公式本文・選択肢・解説文は保存しない
38,2025,午前,48,,,,,,公式本文・選択肢・解説文は保存しない
38,2025,午前,49,,,,,,公式本文・選択肢・解説文は保存しない
38,2025,午前,50,,,,,,公式本文・選択肢・解説文は保存しない
38,2025,午前,51,,,,,,公式本文・選択肢・解説文は保存しない
38,2025,午前,52,,,,,,公式本文・選択肢・解説文は保存しない
38,2025,午前,53,,,,,,公式本文・選択肢・解説文は保存しない
38,2025,午前,54,,,,,,公式本文・選択肢・解説文は保存しない
38,2025,午前,55,,,,,,公式本文・選択肢・解説文は保存しない
38,2025,午前,56,,,,,,公式本文・選択肢・解説文は保存しない
38,2025,午前,57,,,,,,公式本文・選択肢・解説文は保存しない
38,2025,午前,58,,,,,,公式本文・選択肢・解説文は保存しない
38,2025,午前,59,,,,,,公式本文・選択肢・解説文は保存しない
38,2025,午前,60,,,,,,公式本文・選択肢・解説文は保存しない
38,2025,午前,61,,,,,,公式本文・選択肢・解説文は保存しない
38,2025,午前,62,,,,,,公式本文・選択肢・解説文は保存しない
38,2025,午前,63,,,,,,公式本文・選択肢・解説文は保存しない
38,2025,午前,64,,,,,,公式本文・選択肢・解説文は保存しない
38,2025,午前,65,,,,,,公式本文・選択肢・解説文は保存しない
38,2025,午前,66,,,,,,公式本文・選択肢・解説文は保存しない
38,2025,午前,67,,,,,,公式本文・選択肢・解説文は保存しない
38,2025,午前,68,,,,,,公式本文・選択肢・解説文は保存しない
38,2025,午前,69,,,,,,公式本文・選択肢・解説文は保存しない
38,2025,午前,70,,,,,,公式本文・選択肢・解説文は保存しない
38,2025,午前,71,,,,,,公式本文・選択肢・解説文は保存しない
38,2025,午前,72,,,,,,公式本文・選択肢・解説文は保存しない
38,2025,午前,73,,,,,,公式本文・選択肢・解説文は保存しない
38,2025,午前,74,,,,,,公式本文・選択肢・解説文は保存しない
38,2025,午前,75,,,,,,公式本文・選択肢・解説文は保存しない
38,2025,午前,76,,,,,,公式本文・選択肢・解説文は保存しない
38,2025,午前,77,,,,,,公式本文・選択肢・解説文は保存しない
38,2025,午前,78,,,,,,公式本文・選択肢・解説文は保存しない
38,2025,午前,79,,,,,,公式本文・選択肢・解説文は保存しない
38,2025,午前,80,,,,,,公式本文・選択肢・解説文は保存しない
38,2025,午前,81,,,,,,公式本文・選択肢・解説文は保存しない
38,2025,午前,82,,,,,,公式本文・選択肢・解説文は保存しない
38,2025,午前,83,,,,,,公式本文・選択肢・解説文は保存しない
38,2025,午前,84,,,,,,公式本文・選択肢・解説文は保存しない
38,2025,午前,85,,,,,,公式本文・選択肢・解説文は保存しない
38,2025,午前,86,,,,,,公式本文・選択肢・解説文は保存しない
38,2025,午前,87,,,,,,公式本文・選択肢・解説文は保存しない
38,2025,午前,88,,,,,,公式本文・選択肢・解説文は保存しない
38,2025,午前,89,,,,,,公式本文・選択肢・解説文は保存しない
38,2025,午前,90,,,,,,公式本文・選択肢・解説文は保存しない
38,2025,午後,1,,,,,,公式本文・選択肢・解説文は保存しない
38,2025,午後,2,,,,,,公式本文・選択肢・解説文は保存しない
38,2025,午後,3,,,,,,公式本文・選択肢・解説文は保存しない
38,2025,午後,4,,,,,,公式本文・選択肢・解説文は保存しない
38,2025,午後,5,,,,,,公式本文・選択肢・解説文は保存しない
38,2025,午後,6,,,,,,公式本文・選択肢・解説文は保存しない
38,2025,午後,7,,,,,,公式本文・選択肢・解説文は保存しない
38,2025,午後,8,,,,,,公式本文・選択肢・解説文は保存しない
38,2025,午後,9,,,,,,公式本文・選択肢・解説文は保存しない
38,2025,午後,10,,,,,,公式本文・選択肢・解説文は保存しない
38,2025,午後,11,,,,,,公式本文・選択肢・解説文は保存しない
38,2025,午後,12,,,,,,公式本文・選択肢・解説文は保存しない
38,2025,午後,13,,,,,,公式本文・選択肢・解説文は保存しない
38,2025,午後,14,,,,,,公式本文・選択肢・解説文は保存しない
38,2025,午後,15,,,,,,公式本文・選択肢・解説文は保存しない
38,2025,午後,16,,,,,,公式本文・選択肢・解説文は保存しない
38,2025,午後,17,,,,,,公式本文・選択肢・解説文は保存しない
38,2025,午後,18,,,,,,公式本文・選択肢・解説文は保存しない
38,2025,午後,19,,,,,,公式本文・選択肢・解説文は保存しない
38,2025,午後,20,,,,,,公式本文・選択肢・解説文は保存しない
38,2025,午後,21,,,,,,公式本文・選択肢・解説文は保存しない
38,2025,午後,22,,,,,,公式本文・選択肢・解説文は保存しない
38,2025,午後,23,,,,,,公式本文・選択肢・解説文は保存しない
38,2025,午後,24,,,,,,公式本文・選択肢・解説文は保存しない
38,2025,午後,25,,,,,,公式本文・選択肢・解説文は保存しない
38,2025,午後,26,,,,,,公式本文・選択肢・解説文は保存しない
38,2025,午後,27,,,,,,公式本文・選択肢・解説文は保存しない
38,2025,午後,28,,,,,,公式本文・選択肢・解説文は保存しない
38,2025,午後,29,,,,,,公式本文・選択肢・解説文は保存しない
38,2025,午後,30,,,,,,公式本文・選択肢・解説文は保存しない
38,2025,午後,31,,,,,,公式本文・選択肢・解説文は保存しない
38,2025,午後,32,,,,,,公式本文・選択肢・解説文は保存しない
38,2025,午後,33,,,,,,公式本文・選択肢・解説文は保存しない
38,2025,午後,34,,,,,,公式本文・選択肢・解説文は保存しない
38,2025,午後,35,,,,,,公式本文・選択肢・解説文は保存しない
38,2025,午後,36,,,,,,公式本文・選択肢・解説文は保存しない
38,2025,午後,37,,,,,,公式本文・選択肢・解説文は保存しない
38,2025,午後,38,,,,,,公式本文・選択肢・解説文は保存しない
38,2025,午後,39,,,,,,公式本文・選択肢・解説文は保存しない
38,2025,午後,40,,,,,,公式本文・選択肢・解説文は保存しない
38,2025,午後,41,,,,,,公式本文・選択肢・解説文は保存しない
38,2025,午後,42,,,,,,公式本文・選択肢・解説文は保存しない
38,2025,午後,43,,,,,,公式本文・選択肢・解説文は保存しない
38,2025,午後,44,,,,,,公式本文・選択肢・解説文は保存しない
38,2025,午後,45,,,,,,公式本文・選択肢・解説文は保存しない
38,2025,午後,46,,,,,,公式本文・選択肢・解説文は保存しない
38,2025,午後,47,,,,,,公式本文・選択肢・解説文は保存しない
38,2025,午後,48,,,,,,公式本文・選択肢・解説文は保存しない
38,2025,午後,49,,,,,,公式本文・選択肢・解説文は保存しない
38,2025,午後,50,,,,,,公式本文・選択肢・解説文は保存しない
38,2025,午後,51,,,,,,公式本文・選択肢・解説文は保存しない
38,2025,午後,52,,,,,,公式本文・選択肢・解説文は保存しない
38,2025,午後,53,,,,,,公式本文・選択肢・解説文は保存しない
38,2025,午後,54,,,,,,公式本文・選択肢・解説文は保存しない
38,2025,午後,55,,,,,,公式本文・選択肢・解説文は保存しない
38,2025,午後,56,,,,,,公式本文・選択肢・解説文は保存しない
38,2025,午後,57,,,,,,公式本文・選択肢・解説文は保存しない
38,2025,午後,58,,,,,,公式本文・選択肢・解説文は保存しない
38,2025,午後,59,,,,,,公式本文・選択肢・解説文は保存しない
38,2025,午後,60,,,,,,公式本文・選択肢・解説文は保存しない
38,2025,午後,61,,,,,,公式本文・選択肢・解説文は保存しない
38,2025,午後,62,,,,,,公式本文・選択肢・解説文は保存しない
38,2025,午後,63,,,,,,公式本文・選択肢・解説文は保存しない
38,2025,午後,64,,,,,,公式本文・選択肢・解説文は保存しない
38,2025,午後,65,,,,,,公式本文・選択肢・解説文は保存しない
38,2025,午後,66,,,,,,公式本文・選択肢・解説文は保存しない
38,2025,午後,67,,,,,,公式本文・選択肢・解説文は保存しない
38,2025,午後,68,,,,,,公式本文・選択肢・解説文は保存しない
38,2025,午後,69,,,,,,公式本文・選択肢・解説文は保存しない
38,2025,午後,70,,,,,,公式本文・選択肢・解説文は保存しない
38,2025,午後,71,,,,,,公式本文・選択肢・解説文は保存しない
38,2025,午後,72,,,,,,公式本文・選択肢・解説文は保存しない
38,2025,午後,73,,,,,,公式本文・選択肢・解説文は保存しない
38,2025,午後,74,,,,,,公式本文・選択肢・解説文は保存しない
38,2025,午後,75,,,,,,公式本文・選択肢・解説文は保存しない
38,2025,午後,76,,,,,,公式本文・選択肢・解説文は保存しない
38,2025,午後,77,,,,,,公式本文・選択肢・解説文は保存しない
38,2025,午後,78,,,,,,公式本文・選択肢・解説文は保存しない
38,2025,午後,79,,,,,,公式本文・選択肢・解説文は保存しない
38,2025,午後,80,,,,,,公式本文・選択肢・解説文は保存しない
38,2025,午後,81,,,,,,公式本文・選択肢・解説文は保存しない
38,2025,午後,82,,,,,,公式本文・選択肢・解説文は保存しない
38,2025,午後,83,,,,,,公式本文・選択肢・解説文は保存しない
38,2025,午後,84,,,,,,公式本文・選択肢・解説文は保存しない
38,2025,午後,85,,,,,,公式本文・選択肢・解説文は保存しない
38,2025,午後,86,,,,,,公式本文・選択肢・解説文は保存しない
38,2025,午後,87,,,,,,公式本文・選択肢・解説文は保存しない
38,2025,午後,88,,,,,,公式本文・選択肢・解説文は保存しない
38,2025,午後,89,,,,,,公式本文・選択肢・解説文は保存しない
38,2025,午後,90,,,,,,公式本文・選択肢・解説文は保存しない
39,2026,午前,1,,,,,,公式本文・選択肢・解説文は保存しない
39,2026,午前,2,,,,,,公式本文・選択肢・解説文は保存しない
39,2026,午前,3,,,,,,公式本文・選択肢・解説文は保存しない
39,2026,午前,4,,,,,,公式本文・選択肢・解説文は保存しない
39,2026,午前,5,,,,,,公式本文・選択肢・解説文は保存しない
39,2026,午前,6,,,,,,公式本文・選択肢・解説文は保存しない
39,2026,午前,7,,,,,,公式本文・選択肢・解説文は保存しない
39,2026,午前,8,,,,,,公式本文・選択肢・解説文は保存しない
39,2026,午前,9,,,,,,公式本文・選択肢・解説文は保存しない
39,2026,午前,10,,,,,,公式本文・選択肢・解説文は保存しない
39,2026,午前,11,,,,,,公式本文・選択肢・解説文は保存しない
39,2026,午前,12,,,,,,公式本文・選択肢・解説文は保存しない
39,2026,午前,13,,,,,,公式本文・選択肢・解説文は保存しない
39,2026,午前,14,,,,,,公式本文・選択肢・解説文は保存しない
39,2026,午前,15,,,,,,公式本文・選択肢・解説文は保存しない
39,2026,午前,16,,,,,,公式本文・選択肢・解説文は保存しない
39,2026,午前,17,,,,,,公式本文・選択肢・解説文は保存しない
39,2026,午前,18,,,,,,公式本文・選択肢・解説文は保存しない
39,2026,午前,19,,,,,,公式本文・選択肢・解説文は保存しない
39,2026,午前,20,,,,,,公式本文・選択肢・解説文は保存しない
39,2026,午前,21,,,,,,公式本文・選択肢・解説文は保存しない
39,2026,午前,22,,,,,,公式本文・選択肢・解説文は保存しない
39,2026,午前,23,,,,,,公式本文・選択肢・解説文は保存しない
39,2026,午前,24,,,,,,公式本文・選択肢・解説文は保存しない
39,2026,午前,25,,,,,,公式本文・選択肢・解説文は保存しない
39,2026,午前,26,,,,,,公式本文・選択肢・解説文は保存しない
39,2026,午前,27,,,,,,公式本文・選択肢・解説文は保存しない
39,2026,午前,28,,,,,,公式本文・選択肢・解説文は保存しない
39,2026,午前,29,,,,,,公式本文・選択肢・解説文は保存しない
39,2026,午前,30,,,,,,公式本文・選択肢・解説文は保存しない
39,2026,午前,31,,,,,,公式本文・選択肢・解説文は保存しない
39,2026,午前,32,,,,,,公式本文・選択肢・解説文は保存しない
39,2026,午前,33,,,,,,公式本文・選択肢・解説文は保存しない
39,2026,午前,34,,,,,,公式本文・選択肢・解説文は保存しない
39,2026,午前,35,,,,,,公式本文・選択肢・解説文は保存しない
39,2026,午前,36,,,,,,公式本文・選択肢・解説文は保存しない
39,2026,午前,37,,,,,,公式本文・選択肢・解説文は保存しない
39,2026,午前,38,,,,,,公式本文・選択肢・解説文は保存しない
39,2026,午前,39,,,,,,公式本文・選択肢・解説文は保存しない
39,2026,午前,40,,,,,,公式本文・選択肢・解説文は保存しない
39,2026,午前,41,,,,,,公式本文・選択肢・解説文は保存しない
39,2026,午前,42,,,,,,公式本文・選択肢・解説文は保存しない
39,2026,午前,43,,,,,,公式本文・選択肢・解説文は保存しない
39,2026,午前,44,,,,,,公式本文・選択肢・解説文は保存しない
39,2026,午前,45,,,,,,公式本文・選択肢・解説文は保存しない
39,2026,午前,46,,,,,,公式本文・選択肢・解説文は保存しない
39,2026,午前,47,,,,,,公式本文・選択肢・解説文は保存しない
39,2026,午前,48,,,,,,公式本文・選択肢・解説文は保存しない
39,2026,午前,49,,,,,,公式本文・選択肢・解説文は保存しない
39,2026,午前,50,,,,,,公式本文・選択肢・解説文は保存しない
39,2026,午前,51,,,,,,公式本文・選択肢・解説文は保存しない
39,2026,午前,52,,,,,,公式本文・選択肢・解説文は保存しない
39,2026,午前,53,,,,,,公式本文・選択肢・解説文は保存しない
39,2026,午前,54,,,,,,公式本文・選択肢・解説文は保存しない
39,2026,午前,55,,,,,,公式本文・選択肢・解説文は保存しない
39,2026,午前,56,,,,,,公式本文・選択肢・解説文は保存しない
39,2026,午前,57,,,,,,公式本文・選択肢・解説文は保存しない
39,2026,午前,58,,,,,,公式本文・選択肢・解説文は保存しない
39,2026,午前,59,,,,,,公式本文・選択肢・解説文は保存しない
39,2026,午前,60,,,,,,公式本文・選択肢・解説文は保存しない
39,2026,午前,61,,,,,,公式本文・選択肢・解説文は保存しない
39,2026,午前,62,,,,,,公式本文・選択肢・解説文は保存しない
39,2026,午前,63,,,,,,公式本文・選択肢・解説文は保存しない
39,2026,午前,64,,,,,,公式本文・選択肢・解説文は保存しない
39,2026,午前,65,,,,,,公式本文・選択肢・解説文は保存しない
39,2026,午前,66,,,,,,公式本文・選択肢・解説文は保存しない
39,2026,午前,67,,,,,,公式本文・選択肢・解説文は保存しない
39,2026,午前,68,,,,,,公式本文・選択肢・解説文は保存しない
39,2026,午前,69,,,,,,公式本文・選択肢・解説文は保存しない
39,2026,午前,70,,,,,,公式本文・選択肢・解説文は保存しない
39,2026,午前,71,,,,,,公式本文・選択肢・解説文は保存しない
39,2026,午前,72,,,,,,公式本文・選択肢・解説文は保存しない
39,2026,午前,73,,,,,,公式本文・選択肢・解説文は保存しない
39,2026,午前,74,,,,,,公式本文・選択肢・解説文は保存しない
39,2026,午前,75,,,,,,公式本文・選択肢・解説文は保存しない
39,2026,午前,76,,,,,,公式本文・選択肢・解説文は保存しない
39,2026,午前,77,,,,,,公式本文・選択肢・解説文は保存しない
39,2026,午前,78,,,,,,公式本文・選択肢・解説文は保存しない
39,2026,午前,79,,,,,,公式本文・選択肢・解説文は保存しない
39,2026,午前,80,,,,,,公式本文・選択肢・解説文は保存しない
39,2026,午前,81,,,,,,公式本文・選択肢・解説文は保存しない
39,2026,午前,82,,,,,,公式本文・選択肢・解説文は保存しない
39,2026,午前,83,,,,,,公式本文・選択肢・解説文は保存しない
39,2026,午前,84,,,,,,公式本文・選択肢・解説文は保存しない
39,2026,午前,85,,,,,,公式本文・選択肢・解説文は保存しない
39,2026,午前,86,,,,,,公式本文・選択肢・解説文は保存しない
39,2026,午前,87,,,,,,公式本文・選択肢・解説文は保存しない
39,2026,午前,88,,,,,,公式本文・選択肢・解説文は保存しない
39,2026,午前,89,,,,,,公式本文・選択肢・解説文は保存しない
39,2026,午前,90,,,,,,公式本文・選択肢・解説文は保存しない
39,2026,午後,1,,,,,,公式本文・選択肢・解説文は保存しない
39,2026,午後,2,,,,,,公式本文・選択肢・解説文は保存しない
39,2026,午後,3,,,,,,公式本文・選択肢・解説文は保存しない
39,2026,午後,4,,,,,,公式本文・選択肢・解説文は保存しない
39,2026,午後,5,,,,,,公式本文・選択肢・解説文は保存しない
39,2026,午後,6,,,,,,公式本文・選択肢・解説文は保存しない
39,2026,午後,7,,,,,,公式本文・選択肢・解説文は保存しない
39,2026,午後,8,,,,,,公式本文・選択肢・解説文は保存しない
39,2026,午後,9,,,,,,公式本文・選択肢・解説文は保存しない
39,2026,午後,10,,,,,,公式本文・選択肢・解説文は保存しない
39,2026,午後,11,,,,,,公式本文・選択肢・解説文は保存しない
39,2026,午後,12,,,,,,公式本文・選択肢・解説文は保存しない
39,2026,午後,13,,,,,,公式本文・選択肢・解説文は保存しない
39,2026,午後,14,,,,,,公式本文・選択肢・解説文は保存しない
39,2026,午後,15,,,,,,公式本文・選択肢・解説文は保存しない
39,2026,午後,16,,,,,,公式本文・選択肢・解説文は保存しない
39,2026,午後,17,,,,,,公式本文・選択肢・解説文は保存しない
39,2026,午後,18,,,,,,公式本文・選択肢・解説文は保存しない
39,2026,午後,19,,,,,,公式本文・選択肢・解説文は保存しない
39,2026,午後,20,,,,,,公式本文・選択肢・解説文は保存しない
39,2026,午後,21,,,,,,公式本文・選択肢・解説文は保存しない
39,2026,午後,22,,,,,,公式本文・選択肢・解説文は保存しない
39,2026,午後,23,,,,,,公式本文・選択肢・解説文は保存しない
39,2026,午後,24,,,,,,公式本文・選択肢・解説文は保存しない
39,2026,午後,25,,,,,,公式本文・選択肢・解説文は保存しない
39,2026,午後,26,,,,,,公式本文・選択肢・解説文は保存しない
39,2026,午後,27,,,,,,公式本文・選択肢・解説文は保存しない
39,2026,午後,28,,,,,,公式本文・選択肢・解説文は保存しない
39,2026,午後,29,,,,,,公式本文・選択肢・解説文は保存しない
39,2026,午後,30,,,,,,公式本文・選択肢・解説文は保存しない
39,2026,午後,31,,,,,,公式本文・選択肢・解説文は保存しない
39,2026,午後,32,,,,,,公式本文・選択肢・解説文は保存しない
39,2026,午後,33,,,,,,公式本文・選択肢・解説文は保存しない
39,2026,午後,34,,,,,,公式本文・選択肢・解説文は保存しない
39,2026,午後,35,,,,,,公式本文・選択肢・解説文は保存しない
39,2026,午後,36,,,,,,公式本文・選択肢・解説文は保存しない
39,2026,午後,37,,,,,,公式本文・選択肢・解説文は保存しない
39,2026,午後,38,,,,,,公式本文・選択肢・解説文は保存しない
39,2026,午後,39,,,,,,公式本文・選択肢・解説文は保存しない
39,2026,午後,40,,,,,,公式本文・選択肢・解説文は保存しない
39,2026,午後,41,,,,,,公式本文・選択肢・解説文は保存しない
39,2026,午後,42,,,,,,公式本文・選択肢・解説文は保存しない
39,2026,午後,43,,,,,,公式本文・選択肢・解説文は保存しない
39,2026,午後,44,,,,,,公式本文・選択肢・解説文は保存しない
39,2026,午後,45,,,,,,公式本文・選択肢・解説文は保存しない
39,2026,午後,46,,,,,,公式本文・選択肢・解説文は保存しない
39,2026,午後,47,,,,,,公式本文・選択肢・解説文は保存しない
39,2026,午後,48,,,,,,公式本文・選択肢・解説文は保存しない
39,2026,午後,49,,,,,,公式本文・選択肢・解説文は保存しない
39,2026,午後,50,,,,,,公式本文・選択肢・解説文は保存しない
39,2026,午後,51,,,,,,公式本文・選択肢・解説文は保存しない
39,2026,午後,52,,,,,,公式本文・選択肢・解説文は保存しない
39,2026,午後,53,,,,,,公式本文・選択肢・解説文は保存しない
39,2026,午後,54,,,,,,公式本文・選択肢・解説文は保存しない
39,2026,午後,55,,,,,,公式本文・選択肢・解説文は保存しない
39,2026,午後,56,,,,,,公式本文・選択肢・解説文は保存しない
39,2026,午後,57,,,,,,公式本文・選択肢・解説文は保存しない
39,2026,午後,58,,,,,,公式本文・選択肢・解説文は保存しない
39,2026,午後,59,,,,,,公式本文・選択肢・解説文は保存しない
39,2026,午後,60,,,,,,公式本文・選択肢・解説文は保存しない
39,2026,午後,61,,,,,,公式本文・選択肢・解説文は保存しない
39,2026,午後,62,,,,,,公式本文・選択肢・解説文は保存しない
39,2026,午後,63,,,,,,公式本文・選択肢・解説文は保存しない
39,2026,午後,64,,,,,,公式本文・選択肢・解説文は保存しない
39,2026,午後,65,,,,,,公式本文・選択肢・解説文は保存しない
39,2026,午後,66,,,,,,公式本文・選択肢・解説文は保存しない
39,2026,午後,67,,,,,,公式本文・選択肢・解説文は保存しない
39,2026,午後,68,,,,,,公式本文・選択肢・解説文は保存しない
39,2026,午後,69,,,,,,公式本文・選択肢・解説文は保存しない
39,2026,午後,70,,,,,,公式本文・選択肢・解説文は保存しない
39,2026,午後,71,,,,,,公式本文・選択肢・解説文は保存しない
39,2026,午後,72,,,,,,公式本文・選択肢・解説文は保存しない
39,2026,午後,73,,,,,,公式本文・選択肢・解説文は保存しない
39,2026,午後,74,,,,,,公式本文・選択肢・解説文は保存しない
39,2026,午後,75,,,,,,公式本文・選択肢・解説文は保存しない
39,2026,午後,76,,,,,,公式本文・選択肢・解説文は保存しない
39,2026,午後,77,,,,,,公式本文・選択肢・解説文は保存しない
39,2026,午後,78,,,,,,公式本文・選択肢・解説文は保存しない
39,2026,午後,79,,,,,,公式本文・選択肢・解説文は保存しない
39,2026,午後,80,,,,,,公式本文・選択肢・解説文は保存しない
39,2026,午後,81,,,,,,公式本文・選択肢・解説文は保存しない
39,2026,午後,82,,,,,,公式本文・選択肢・解説文は保存しない
39,2026,午後,83,,,,,,公式本文・選択肢・解説文は保存しない
39,2026,午後,84,,,,,,公式本文・選択肢・解説文は保存しない
39,2026,午後,85,,,,,,公式本文・選択肢・解説文は保存しない
39,2026,午後,86,,,,,,公式本文・選択肢・解説文は保存しない
39,2026,午後,87,,,,,,公式本文・選択肢・解説文は保存しない
39,2026,午後,88,,,,,,公式本文・選択肢・解説文は保存しない
39,2026,午後,89,,,,,,公式本文・選択肢・解説文は保存しない
39,2026,午後,90,,,,,,公式本文・選択肢・解説文は保存しない
